Frame,Vehicle_ID,Speed_kmph
3,1,0.0
3,2,0.0
6,1,7.64
6,2,24.15
9,1,12.29
9,2,34.1
12,1,13.04
12,2,37.03
15,1,12.59
15,2,40.42
18,1,13.04
18,2,40.17
21,1,11.17
21,2,40.98
24,2,40.72
24,11,0.0
27,2,41.29
27,11,5.4
27,1,12.8
30,2,41.05
30,11,3.6
33,2,44.11
33,11,2.7
36,2,41.69
36,11,4.32
39,2,39.35
39,11,3.6
42,2,37.18
42,11,4.63
45,2,34.2
45,11,5.96
48,2,34.2
48,11,6.5
48,30,0.0
51,2,32.03
54,2,30.55
57,2,27.5
60,2,26.02
60,1,22.11
63,2,25.38
63,1,22.31
66,2,24.49
66,1,22.31
69,2,22.96
69,1,20.78
72,2,22.96
72,1,19.7
75,2,22.08
75,1,19.26
75,46,0.0
78,2,19.26
78,46,10.8
81,2,18.38
84,2,17.49
87,2,17.49
90,2,16.15
90,70,0.0
93,2,16.15
93,70,32.4
96,2,15.71
96,79,0.0
99,2,15.26
99,79,12.07
102,2,14.37
102,79,15.25
105,2,14.37
105,79,15.25
105,90,0.0
105,94,0.0
108,2,14.82
108,79,14.36
108,90,12.07
108,94,42.17
111,2,14.82
111,79,15.57
111,94,58.66
114,2,13.29
114,79,15.53
114,94,61.28
117,2,12.84
117,94,62.85
117,108,0.0
117,109,0.0
120,2,11.76
120,94,61.38
120,108,49.78
120,109,22.91
120,70,151.24
123,2,10.88
123,94,60.32
123,108,69.9
123,109,38.32
123,122,0.0
123,70,121.97
126,2,10.88
126,108,75.49
126,70,106.21
126,124,0.0
129,2,9.8
129,108,75.66
129,70,92.11
129,94,64.4
132,2,9.8
132,108,74.0
132,70,82.04
132,135,0.0
132,94,60.63
135,108,72.81
135,135,12.07
135,94,57.63
135,142,0.0
138,108,69.28
138,94,61.52
138,142,77.31
138,2,9.35
141,108,67.7
141,94,56.98
141,142,107.77
141,2,9.35
144,108,66.44
144,94,50.87
144,142,120.96
144,155,0.0
147,108,69.68
147,94,45.48
147,142,124.43
147,155,7.64
147,135,51.99
150,108,63.13
150,142,124.05
150,155,8.69
150,135,45.03
153,108,55.36
153,142,122.73
153,155,6.52
153,135,40.85
156,108,50.59
156,142,119.84
159,108,45.11
159,142,115.89
159,169,0.0
162,142,113.47
162,169,29.08
162,135,45.57
165,142,120.38
165,169,38.77
165,108,45.11
168,142,111.22
168,169,44.82
168,185,0.0
168,186,0.0
168,108,38.54
171,142,101.26
171,169,59.12
171,185,17.07
171,108,38.54
174,142,92.12
174,169,68.65
174,185,22.77
174,108,36.27
177,142,82.87
177,169,75.46
177,185,28.21
177,108,31.85
180,142,76.77
180,169,78.47
180,185,29.4
180,108,30.77
180,135,51.11
183,142,69.87
183,169,78.49
183,185,30.19
183,108,28.43
186,169,78.86
186,185,29.32
186,108,26.27
189,169,86.5
189,108,22.9
189,220,0.0
189,142,67.55
192,169,87.51
192,108,23.98
192,220,27.53
192,142,63.01
192,155,20.33
195,169,87.51
195,108,18.49
195,220,32.75
195,142,56.26
195,155,18.74
195,185,35.94
198,169,85.67
198,108,20.65
198,220,38.33
198,142,53.92
198,155,17.61
198,185,34.35
201,169,79.55
201,108,17.28
201,220,37.14
201,155,17.32
201,185,33.33
204,169,72.37
204,108,16.2
204,220,38.37
204,155,15.39
204,185,35.74
204,142,53.74
207,169,65.19
207,108,16.2
207,220,37.52
207,155,14.93
207,185,34.49
207,142,48.35
210,169,58.65
210,108,15.57
210,220,37.1
210,185,33.49
210,142,44.49
213,169,54.2
213,108,15.57
213,220,35.66
213,185,30.56
213,142,43.32
216,169,49.22
216,108,15.57
216,220,35.33
216,185,28.23
216,142,39.63
219,169,45.47
219,108,16.65
219,220,37.75
219,185,27.22
219,142,38.1
222,169,42.06
222,108,14.93
222,220,35.48
222,185,25.89
222,142,32.88
225,169,39.66
225,220,33.32
225,142,30.51
228,169,37.62
228,220,30.23
228,142,30.51
228,108,16.27
231,169,34.27
231,220,29.15
231,142,28.35
231,108,15.19
234,169,32.24
234,220,26.86
234,142,23.76
234,108,15.19
237,169,30.2
237,220,25.15
237,142,23.76
237,108,13.03
240,169,29.2
240,220,23.89
240,142,22.24
240,108,14.11
243,169,26.86
243,220,22.56
243,142,21.24
243,108,13.66
246,169,26.04
246,220,20.4
246,142,19.9
246,108,12.58
249,169,24.56
249,220,19.51
249,142,19.9
249,108,12.58
252,169,22.67
252,220,18.43
252,142,19.01
252,108,10.42
255,169,20.34
255,220,17.35
255,142,19.01
255,108,9.97
258,169,20.34
258,220,16.01
258,142,18.13
258,108,7.56
261,169,19.26
261,220,14.93
261,142,16.79
261,108,6.48
261,259,0.0
264,169,18.37
264,220,14.93
264,142,16.79
264,259,0.0
264,261,0.0
267,169,17.48
267,220,14.49
267,142,16.35
267,259,0.0
267,261,0.0
270,169,16.15
270,220,13.41
270,142,15.9
270,259,2.7
270,261,5.09
273,169,16.59
273,142,15.01
273,259,2.16
273,261,3.82
276,169,15.26
276,142,15.46
276,259,1.8
276,261,3.05
279,169,13.92
279,142,13.48
279,259,3.09
279,261,4.35
279,266,0.0
282,169,13.92
282,142,13.48
282,259,4.05
282,261,3.72
282,266,5.4
285,169,13.92
285,142,13.48
285,259,3.6
285,261,3.26
285,266,7.2
288,169,12.59
288,142,13.04
288,259,4.32
288,261,4.1
288,266,8.1
288,272,0.0
291,169,13.04
291,142,13.04
291,259,4.32
291,261,4.77
291,266,8.64
291,272,5.4
291,275,0.0
294,169,12.59
294,142,12.59
294,259,5.4
297,169,12.59
297,259,6.48
297,266,9.0
300,169,12.59
300,259,5.4
303,169,11.06
303,259,5.4
303,278,0.0
306,259,5.4
306,261,6.29
306,266,12.59
309,259,4.32
309,266,12.93
309,169,12.4
312,259,3.24
312,266,11.49
312,169,12.4
312,272,21.95
315,259,3.24
315,266,11.87
315,169,13.03
318,259,3.24
318,266,12.95
318,169,13.03
321,259,3.24
321,169,13.03
324,259,2.16
324,266,12.95
327,259,1.08
327,272,27.27
330,259,1.08
333,259,1.08
336,259,1.08
339,259,2.61
339,298,0.0
342,259,2.61
342,298,17.07
345,259,3.69
345,298,25.78
348,259,2.61
348,298,30.47
351,259,2.61
351,298,33.01
354,259,2.61
354,298,34.71
357,259,3.69
357,298,34.63
360,259,3.69
360,298,33.32
363,298,33.22
366,298,33.14
369,298,36.55
369,259,4.77
372,298,36.38
372,259,4.77
375,298,34.22
375,259,4.32
378,298,31.92
378,259,4.32
381,298,29.76
381,259,4.32
384,298,27.86
384,259,5.4
387,298,25.52
390,298,25.27
396,298,25.27
399,298,23.11
411,305,0.0
447,305,0.0
477,315,0.0
480,315,48.9
483,315,65.19
486,315,73.34
489,315,73.95
489,319,0.0
492,315,74.35
492,319,38.18
495,315,71.59
498,315,69.53
501,315,67.92
501,319,83.5
504,319,73.75
507,319,67.91
510,319,63.79
513,319,59.31
528,319,72.32
531,319,67.88
537,319,66.6
579,342,0.0
591,347,0.0
594,347,17.07
597,347,22.77
597,353,0.0
600,347,24.71
600,353,54.26
600,355,0.0
600,357,0.0
603,347,26.25
603,353,84.2
606,347,26.96
606,353,103.65
606,357,37.8
609,353,111.98
609,362,0.0
609,357,39.6
612,353,114.99
612,357,37.8
612,347,29.47
615,353,117.39
615,357,37.07
615,347,28.81
618,353,114.33
618,347,27.3
621,353,112.69
621,347,26.99
621,357,39.89
624,353,109.21
624,357,37.64
627,353,115.32
627,357,35.63
630,353,110.76
630,357,34.08
633,353,102.46
633,357,32.83
636,353,90.84
636,357,34.99
639,353,80.21
639,368,0.0
642,353,71.1
642,368,19.47
642,357,30.67
645,353,62.75
645,368,25.96
645,357,27.88
648,353,57.35
648,368,28.01
648,357,26.8
651,353,50.45
651,368,30.19
651,357,24.46
654,353,46.56
654,368,28.76
654,357,21.22
657,353,42.86
657,368,27.74
657,357,19.89
660,353,38.09
660,368,27.29
660,357,18.81
663,353,35.04
663,368,26.94
663,357,17.73
666,353,32.87
666,357,17.09
669,353,31.14
669,357,16.01
672,353,28.77
675,353,25.47
675,370,0.0
675,368,33.53
678,370,29.08
681,370,59.63
684,368,38.93
687,368,37.46
687,353,29.36
696,368,38.39
696,353,30.2
702,368,38.03
702,353,28.72
705,368,35.66
708,368,34.58
708,375,0.0
708,353,30.2
711,368,33.5
711,375,22.26
711,376,0.0
711,353,29.75
714,376,7.64
714,353,28.23
717,376,8.69
717,353,26.89
717,368,34.14
717,375,51.02
720,376,9.22
720,353,25.81
720,368,33.26
720,375,49.4
723,376,9.53
723,353,25.81
723,368,25.05
723,375,46.35
726,376,7.94
726,368,21.17
726,375,44.31
729,376,9.9
729,375,42.61
732,375,41.55
735,375,40.73
738,375,39.07
741,353,28.18
744,353,21.92
744,375,44.47
747,380,0.0
747,375,42.43
750,380,0.0
750,375,33.74
753,375,31.7
756,381,0.0
759,381,21.6
759,384,0.0
762,387,0.0
762,380,5.09
765,380,3.82
768,380,3.05
771,380,2.55
774,380,2.18
777,380,3.26
777,402,0.0
777,403,0.0
780,380,2.9
780,402,0.0
783,380,2.61
786,380,2.61
801,402,10.18
813,421,0.0
816,421,10.8
819,421,14.4
822,421,18.9
825,421,19.95
828,421,20.22
831,421,21.96
831,380,2.61
834,421,20.57
834,380,1.08
837,421,20.68
840,421,19.69
840,380,2.16
843,380,3.24
846,380,3.24
846,421,24.15
921,447,0.0
924,447,0.0
927,447,0.0
930,447,2.7
942,447,4.32
945,447,3.6
948,447,3.09
951,447,2.7
954,447,2.4
963,467,0.0
969,468,0.0
975,471,0.0
978,471,16.2
981,471,18.85
984,471,22.67
987,471,24.62
990,471,24.54
993,471,27.4
996,471,26.67
1002,471,29.07
1005,471,28.33
1008,471,30.74
1011,471,29.66
1014,471,28.77
1017,471,26.44
1020,471,26.61
1023,471,25.28
1026,471,22.35
1029,471,21.27
1032,471,18.6
1401,501,0.0
1404,501,39.31
1407,501,56.96
1410,501,59.14
1413,501,56.97
1416,501,56.66
1419,501,56.87
1422,501,54.03
1425,501,53.39
1428,501,52.51
1431,501,55.92
1434,501,51.47
1437,501,45.66
1440,501,42.51
1443,501,40.09
1446,501,37.0
1449,501,33.6
1452,501,32.6
1455,501,30.19
1458,501,26.81
1461,501,24.93
1464,501,23.67
1467,501,21.34
1470,501,20.34
1473,501,19.0
1476,501,18.11
1479,501,17.23
1482,501,16.97
1485,501,14.56
1488,501,15.0
1488,503,0.0
1491,501,13.48
1491,503,12.07
1494,501,12.4
1497,501,13.48
1500,501,12.59
1503,501,11.51
1503,508,0.0
1506,501,9.98
1509,501,9.53
1512,501,8.45
1515,501,8.45
1518,501,9.34
1521,501,10.42
1524,501,10.87
1527,501,8.71
1530,501,8.26
1533,501,8.26
1536,501,9.34
1536,509,0.0
1539,501,9.79
1542,501,9.79
1542,509,38.18
1545,501,10.87
1548,501,9.53
1548,514,0.0
1551,501,8.45
1551,514,56.37
1554,501,8.45
1554,514,89.5
1554,509,69.25
1557,501,8.45
1557,514,103.45
1557,509,60.47
1560,501,7.37
1560,514,111.81
1560,509,52.7
1563,501,8.45
1563,514,113.54
1563,509,49.31
1566,501,7.37
1566,514,114.77
1566,509,45.72
1569,501,6.93
1569,514,112.87
1569,509,42.7
1572,501,7.37
1572,514,110.51
1572,509,40.36
1575,501,6.29
1575,514,107.25
1575,509,38.74
1578,501,6.29
1578,514,115.68
1578,509,39.82
1581,501,6.29
1581,514,112.05
1581,509,34.34
1584,501,5.85
1584,514,101.87
1584,509,22.28
1587,514,94.26
1587,509,21.28
1590,514,86.64
1590,501,6.93
1593,514,79.01
1593,501,8.01
1596,514,72.19
1596,509,24.52
1599,514,66.81
1599,509,22.36
1602,514,62.23
1602,509,21.48
1602,501,9.09
1605,514,58.34
1605,509,20.4
1608,514,52.96
1608,509,19.32
1611,514,49.22
1614,514,49.22
1617,514,45.36
1617,501,11.5
1620,514,42.33
1620,501,11.5
1623,514,41.65
1623,501,9.97
1626,514,39.3
1629,514,37.77
1632,514,36.25
1635,514,35.41
1638,514,33.88
1641,514,33.04
1641,501,13.39
1644,501,12.31
1647,501,12.31
1650,501,11.23
1653,501,11.23
1656,501,10.15
1668,501,9.07
1725,554,0.0
1728,554,12.07
1728,555,0.0
1731,554,18.23
1731,555,0.0
1731,557,0.0
1734,554,19.71
1734,555,3.6
1734,557,19.47
1737,554,20.6
1737,555,5.4
1737,557,25.96
1737,560,0.0
1740,554,22.26
1740,560,31.48
1743,554,23.44
1743,560,49.1
1746,554,24.33
1746,560,60.05
1749,554,25.95
1749,560,63.31
1752,554,26.41
1752,560,64.84
1755,554,30.3
1755,560,62.12
1755,581,0.0
1758,554,30.94
1758,560,61.62
1761,554,31.78
1761,560,58.57
1761,581,29.08
1764,554,34.77
1764,560,60.58
1764,581,30.77
1767,554,35.41
1767,560,63.99
1770,554,36.93
1770,560,60.11
1773,554,39.28
1773,560,58.92
1776,554,42.33
1776,560,60.32
1779,554,43.02
1779,560,66.51
1782,554,45.37
1782,560,72.27
1785,554,47.58
1785,560,79.17
1788,554,52.16
1788,560,84.15
1791,560,90.4
1791,615,0.0
1794,560,90.97
1794,615,10.8
1794,554,58.46
1797,560,95.34
1797,615,18.58
1800,560,99.22
1800,615,19.34
1803,560,98.9
1803,615,22.3
1806,560,95.12
1806,615,22.18
1809,560,86.69
1812,560,78.27
1815,560,71.62
1818,560,66.22
1821,560,60.45
1824,560,56.6
1824,615,36.26
1827,560,52.23
1827,615,33.08
1830,560,48.98
1833,560,45.12
1836,560,42.1
1839,560,39.76
1842,560,38.23
1845,560,35.82
1848,560,32.83
1851,560,31.99
1854,560,28.94
1857,560,28.58
1860,560,27.94
1863,560,26.41
1866,560,24.04
1869,560,23.15
1875,560,23.99
1878,560,23.99
1884,643,0.0
1887,643,39.31
1890,646,0.0
1890,560,26.97
1893,646,19.47
1896,646,23.16
1899,646,23.41
1899,560,28.5
1902,646,23.56
1902,560,28.5
1905,646,24.72
1905,560,26.97
1908,646,27.73
1908,560,25.64
1911,646,28.09
1911,560,25.64
1911,656,0.0
1914,646,29.29
1914,560,25.19
1914,656,32.84
1917,646,30.94
1917,560,24.11
1917,656,39.89
1920,646,34.0
1920,656,46.34
1923,646,33.16
1923,656,48.09
1926,646,34.69
1926,656,47.27
1929,646,36.85
1929,656,46.69
1929,560,25.05
1932,646,39.84
1932,656,46.42
1932,560,24.16
1935,646,41.36
1935,656,46.06
1935,560,19.84
1938,646,41.36
1938,656,44.87
1941,646,44.42
1941,656,48.11
1944,646,46.63
1944,656,44.78
1944,560,18.31
1947,646,46.63
1947,656,42.62
1950,646,51.22
1950,656,38.47
1953,646,55.08
1953,656,36.2
1956,646,56.79
1956,656,34.04
1956,560,19.84
1959,646,57.61
1959,656,31.88
1962,646,64.52
1962,656,29.84
1965,656,27.68
1968,656,26.43
1971,656,25.35
1974,656,23.19
1977,656,22.11
1980,656,20.77
1983,656,19.95
1986,656,18.87
1989,656,17.79
1992,656,17.53
1992,560,28.27
1995,656,16.45
1995,560,28.27
1998,656,15.37
1998,560,28.27
2001,560,28.27
2004,560,28.27
2007,560,24.52
2010,560,22.99
2013,560,22.99
2016,560,19.94
2022,560,18.41
2028,560,10.61
2031,560,10.61
2037,560,9.09
2088,710,0.0
2091,710,5.4
2190,712,0.0
2211,713,0.0
2250,713,7.64
2256,713,10.18
2313,729,0.0
2316,729,12.07
2328,735,0.0
2331,735,16.2
2334,735,25.64
2337,735,30.36
2340,735,33.19
2343,735,33.06
2346,735,31.79
2349,735,31.86
2352,735,31.01
2403,749,0.0
2406,749,84.52
2409,749,145.47
2412,749,172.82
2415,749,180.19
2418,749,179.18
2421,749,174.57
2424,749,165.48
2427,749,158.41
2430,749,151.01
2433,749,158.79
2436,749,148.19
2436,753,0.0
2439,749,128.37
2442,749,108.28
2445,749,92.14
2448,749,79.56
2451,749,68.76
2454,749,62.47
2457,749,55.33
2460,749,50.79
2463,749,46.06
2466,749,43.18
2469,749,37.79
2469,760,0.0
2472,749,34.81
2472,760,27.53
2475,749,33.87
2475,760,36.71
2478,749,30.57
2478,760,38.33
2481,749,29.09
2481,760,41.46
2484,749,26.72
2484,760,41.75
2487,749,25.2
2487,760,40.42
2490,749,23.72
2490,760,39.41
2493,749,22.19
2493,760,39.98
2496,749,20.93
2496,760,38.14
2499,749,20.93
2499,760,41.38
2502,749,20.05
2502,760,38.04
2505,760,35.95
2508,760,33.79
2511,760,30.55
2511,749,20.73
2514,760,28.39
2514,749,20.29
2517,760,27.31
2520,760,26.23
2520,749,20.29
2523,760,23.93
2523,749,20.29
2526,760,22.85
2526,749,20.29
2529,760,21.77
2532,760,21.77
2535,760,19.89
2538,760,19.89
2541,760,17.73
2544,760,17.73
2547,760,16.65
2550,760,16.01
2553,760,14.93
2556,760,14.93
2559,760,13.85
2562,760,12.77
2565,760,12.77
2568,760,12.77
2673,770,0.0
2676,770,38.18
2679,770,50.65
2679,772,0.0
2679,773,0.0
2682,770,57.08
2682,772,65.24
2685,770,56.46
2685,772,117.62
2688,770,56.23
2688,772,149.42
2691,770,56.06
2691,772,165.46
2694,770,54.45
2694,772,169.72
2697,770,52.0
2697,772,168.41
2700,770,51.26
2700,772,166.45
2703,770,55.58
2703,772,160.71
2706,772,153.93
2709,772,165.41
2709,770,53.45
2712,772,160.79
2712,770,49.13
2715,772,146.19
2715,770,43.65
2718,772,128.63
2718,770,41.49
2721,772,112.58
2721,770,38.14
2724,772,98.87
2724,770,35.05
2727,770,32.89
2730,772,92.78
2733,772,83.61
2736,772,76.72
2739,772,70.48
2742,772,62.89
2745,772,58.35
2748,772,53.77
2751,772,49.91
2754,772,46.05
2757,772,43.71
2760,772,36.16
2763,772,32.47
2766,772,30.3
2769,772,29.66
2772,772,27.3
2775,772,25.82
2778,772,25.18
2781,772,23.2
2784,772,22.56
2787,772,20.59
2790,772,19.7
2793,772,18.37
2796,772,18.37
2799,772,17.03
2802,772,17.03
2805,772,16.15
2808,772,15.26
2811,772,15.26
2814,772,14.37
2817,772,14.37
2820,772,13.92
2823,772,13.92
2826,795,0.0
2829,795,49.78
2832,795,74.23
2835,795,97.84
2838,795,122.8
2838,772,15.4
2841,795,135.81
2841,772,15.85
2844,795,139.96
2844,772,14.32
2847,795,141.93
2847,799,0.0
2850,795,140.16
2850,799,12.07
2850,772,15.21
2853,795,135.8
2853,772,14.76
2856,795,145.09
2856,772,14.76
2859,795,142.92
2859,772,13.24
2862,795,137.85
2862,772,13.68
2865,795,128.77
2865,772,13.68
2868,795,111.91
2868,772,12.6
2871,795,97.22
2871,772,10.24
2874,795,85.56
2877,795,74.57
2880,795,66.81
2883,795,61.04
2886,795,55.65
2889,795,50.27
2892,795,46.92
2895,795,42.19
2898,795,39.21
2901,795,36.22
2904,795,34.45
2907,795,32.28
2910,795,28.98
2913,795,27.5
2916,795,25.13
2919,795,24.24
2919,806,0.0
2922,795,21.88
2922,806,5.4
2925,795,21.24
2925,806,7.2
2928,795,19.9
2928,806,5.4
2943,807,0.0
2946,807,12.07
2949,807,13.14
2952,807,9.85
2955,807,10.94
2958,807,10.92
2973,808,0.0
2985,810,0.0
2988,810,48.9
2991,810,65.19
2994,810,73.34
2997,810,76.09
3006,810,96.0
3009,810,91.67
3012,810,85.61
3015,810,80.9
3018,810,77.26
3021,810,81.58
3024,810,75.22
3027,810,68.68
3030,810,62.31
3033,810,55.77
3036,810,39.45
3039,810,36.12
3042,810,33.96
3045,810,30.72
3048,810,28.68
3051,810,26.52
3054,823,0.0
3057,823,7.64
3057,810,27.56
3060,823,5.09
3060,810,25.4
3063,810,24.15
3069,833,0.0
3072,834,0.0
3075,834,7.64
3081,844,0.0
3084,844,22.91
3084,846,0.0
3087,844,28.25
3087,846,5.4
3090,844,33.26
3093,844,36.27
3096,844,35.92
3099,844,35.66
3099,833,12.07
3102,844,36.07
3105,844,35.86
3105,861,0.0
3108,844,36.17
3108,861,12.07
3111,844,39.22
3111,861,40.65
3114,844,38.05
3114,871,0.0
3117,844,36.58
3117,871,7.64
3120,844,34.16
3120,871,10.18
3123,844,32.75
3123,871,13.67
3126,844,32.39
3126,871,13.1
3126,884,0.0
3126,885,0.0
3129,844,31.39
3132,844,29.91
3135,844,28.91
3138,844,26.54
3138,891,0.0
3138,871,19.91
3141,844,25.9
3141,891,21.6
3141,871,19.25
3144,844,24.9
3144,891,36.29
3144,871,18.75
3147,844,24.9
3147,891,38.35
3147,871,18.37
3150,844,24.01
3150,891,39.32
3150,871,18.69
3153,844,22.76
3153,891,38.17
3153,871,21.74
3156,844,21.23
3156,891,37.34
3159,844,20.98
3159,891,36.94
3159,871,23.27
3162,844,20.09
3162,891,36.44
3162,871,23.27
3165,844,18.75
3165,891,36.03
3165,871,23.91
3168,891,38.19
3168,871,23.91
3171,891,37.29
3171,833,22.89
3174,891,33.96
3174,871,23.09
3177,891,31.67
3177,871,24.98
3180,891,29.51
3180,871,25.87
3183,891,28.43
3183,871,25.87
3183,844,27.41
3186,891,27.35
3186,871,26.12
3186,844,26.08
3189,891,25.01
3189,871,26.12
3189,844,24.74
3192,891,23.93
3192,871,26.12
3192,844,23.86
3195,891,22.22
3195,871,26.12
3195,844,23.41
3198,891,22.22
3198,871,26.12
3198,844,22.33
3201,891,19.89
3201,871,27.46
3201,844,22.33
3204,871,26.29
3204,844,21.25
3207,871,25.93
3207,844,20.8
3210,871,27.41
3210,844,21.25
3210,891,21.1
3213,871,28.94
3213,844,11.06
3216,871,29.58
3219,871,30.42
3222,871,31.94
3225,871,33.47
3225,833,19.87
3231,871,38.85
3231,833,18.05
3234,871,41.84
3234,833,16.85
3237,871,41.84
3240,871,45.08
3243,871,47.29
3246,871,48.82
3249,871,51.17
3252,871,52.67
3255,871,54.2
3288,925,0.0
3315,833,16.62
3369,931,0.0
3426,939,0.0
3429,939,17.07
3432,939,24.36
3435,939,29.73
3435,941,0.0
3438,939,29.89
3441,939,33.91
3444,939,35.61
3447,939,36.88
3450,939,38.79
3453,939,40.31
3459,939,52.62
3462,939,56.12
3465,964,0.0
3468,964,27.0
3471,964,32.84
3474,964,35.76
3477,964,37.25
3477,941,17.07
3480,964,36.44
3483,964,37.6
3486,964,36.95
3489,964,36.44
3492,964,35.21
3495,964,37.37
3498,964,35.21
3498,979,0.0
3501,964,34.17
3501,979,0.0
3504,964,30.8
3504,979,0.0
3507,964,28.9
3507,979,0.0
3510,964,27.82
3510,979,0.0
3513,964,25.52
3513,979,0.0
3516,964,24.7
3516,979,1.54
3519,964,22.54
3522,964,21.2
3525,964,21.46
3528,964,19.3
3531,964,16.96
3534,964,18.04
3537,964,16.71
3546,987,0.0
3549,987,7.64
3552,987,10.18
3558,987,17.37
3561,994,0.0
3561,987,16.95
3564,994,7.64
3570,997,0.0
3573,997,0.0
3576,997,3.6
3579,997,5.4
3582,1003,0.0
3585,1003,53.45
3588,1003,76.68
3588,1007,0.0
3591,1003,109.09
3591,1007,12.07
3591,1012,0.0
3594,1003,137.88
3594,1007,23.32
3594,1012,5.4
3597,1003,155.7
3597,1007,27.23
3597,1012,7.2
3600,1003,162.93
3600,1007,29.57
3600,1012,11.44
3603,1003,164.71
3603,1012,9.15
3606,1003,163.37
3606,1012,9.42
3606,1007,41.23
3609,1003,159.26
3609,1012,9.62
3609,1007,41.89
3612,1003,170.94
3612,1012,11.44
3612,1007,42.38
3615,1003,170.94
3615,1007,42.76
3615,1028,0.0
3618,1003,167.06
3618,1007,43.07
3621,1003,153.34
3621,1007,49.98
3624,1003,136.47
3624,1012,17.85
3627,1003,118.29
3627,1012,17.59
3630,1003,103.76
3630,1012,18.67
3633,1003,92.16
3633,1012,19.12
3636,1003,82.29
3636,1012,19.57
3639,1003,73.96
3639,1012,19.57
3642,1003,66.86
3645,1003,59.23
3645,1012,21.09
3648,1003,53.21
3648,1012,22.43
3651,1003,50.87
3651,1012,23.76
3654,1003,45.86
3654,1012,22.88
3657,1003,42.61
3657,1012,18.38
3660,1003,39.56
3660,1012,18.38
3663,1003,36.5
3663,1012,21.19
3663,1075,0.0
3666,1003,34.16
3666,1012,22.08
3669,1003,33.32
3669,1012,22.96
3672,1003,29.82
3672,1012,23.6
3675,1003,29.82
3675,1012,24.49
3678,1003,30.46
3678,1012,25.13
3681,1003,27.4
3681,1012,25.77
3684,1003,25.52
3684,1012,27.3
3687,1003,23.99
3687,1012,27.3
3690,1003,23.35
3690,1012,29.66
3693,1003,22.71
3693,1012,29.66
3693,1086,0.0
3693,1087,0.0
3696,1003,20.73
3696,1012,31.14
3696,1086,53.45
3696,1087,16.2
3699,1003,19.21
3699,1012,32.62
3699,1086,73.9
3699,1087,25.64
3702,1003,20.54
3702,1012,33.46
3702,1086,89.79
3702,1087,24.63
3705,1003,19.01
3705,1012,34.1
3705,1086,113.09
3708,1003,17.04
3708,1012,35.63
3708,1086,112.33
3708,1087,28.34
3711,1003,17.04
3711,1012,36.47
3711,1086,106.63
3711,1087,29.02
3714,1003,16.59
3714,1012,38.81
3714,1086,102.85
3714,1087,27.96
3717,1012,40.98
3717,1086,99.91
3717,1098,0.0
3720,1012,42.49
3720,1086,102.56
3720,1098,57.4
3720,1003,18.12
3720,1087,28.51
3723,1012,43.99
3723,1086,116.96
3723,1098,81.61
3723,1003,17.23
3726,1012,45.5
3726,1086,119.93
3726,1098,91.75
3726,1003,15.9
3726,1087,28.95
3729,1012,48.52
3729,1086,120.53
3729,1098,91.98
3729,1003,17.23
3729,1087,27.13
3732,1012,51.54
3732,1086,119.79
3732,1098,90.71
3732,1003,16.79
3732,1087,29.29
3735,1012,54.59
3735,1086,112.98
3735,1098,90.19
3735,1003,15.9
3735,1087,28.21
3738,1012,57.65
3738,1086,113.61
3738,1098,86.55
3738,1003,14.37
3741,1012,61.39
3741,1086,117.17
3741,1098,84.62
3741,1003,14.37
3744,1012,65.15
3744,1086,118.82
3744,1098,82.26
3744,1003,13.92
3747,1012,71.69
3747,1086,121.37
3747,1098,87.66
3750,1012,74.73
3750,1086,115.65
3750,1098,80.08
3753,1012,79.28
3753,1086,109.03
3753,1098,74.32
3756,1012,82.59
3756,1086,102.28
3756,1098,64.52
3756,1113,0.0
3759,1012,84.38
3759,1086,96.32
3759,1098,58.28
3759,1113,5.4
3762,1012,85.9
3762,1086,88.14
3765,1012,88.23
3765,1098,57.63
3768,1012,90.25
3768,1086,85.11
3771,1012,91.32
3771,1086,77.52
3774,1086,72.13
3777,1086,66.73
3780,1086,63.37
3783,1086,58.62
3783,1123,0.0
3786,1086,56.64
3786,1123,5.4
3789,1086,54.56
3792,1086,49.98
3795,1086,47.56
3801,1086,40.66
3810,1086,44.01
3813,1086,41.02
3819,1086,39.54
3822,1086,34.24
3822,1123,13.78
3825,1086,33.61
3828,1086,29.32
3828,1123,10.34
3831,1086,26.02
3834,1086,26.91
3837,1086,28.81
3840,1086,26.44
3843,1086,20.73
3846,1086,19.84
3849,1086,17.42
3852,1086,16.98
3855,1086,18.69
3858,1086,18.24
3864,1123,14.38
3864,1086,19.13
3867,1123,11.98
3867,1086,16.72
3870,1086,13.92
3873,1086,12.4
3876,1086,14.28
3882,1086,13.84
3885,1086,14.92
3888,1086,14.92
3891,1086,12.76
3894,1086,12.76
3897,1086,10.34
3900,1086,11.42
3903,1086,10.97
3906,1086,12.05
3909,1086,9.72
3912,1086,9.72
3915,1086,8.64
3918,1086,9.09
3921,1086,9.09
3924,1086,8.01
3927,1086,9.53
3930,1086,8.45
3933,1086,8.9
3936,1086,8.9
3939,1086,8.9
3942,1086,8.9
3945,1086,9.98
3948,1086,9.53
3951,1086,8.45
3954,1086,9.53
3960,1086,9.09
3963,1123,13.36
3966,1123,13.04
3966,1086,10.17
3969,1123,11.59
3978,1086,12.05
3981,1086,10.97
3987,1086,10.97
3990,1086,10.97
3993,1086,9.89
3996,1086,8.81
3999,1086,9.89
4002,1086,8.81
4005,1086,7.73
4047,1153,0.0
4065,1158,0.0
4089,1169,0.0
4092,1169,12.07
4095,1169,18.23
4098,1169,19.71
4101,1169,23.56
4104,1169,23.65
4104,1174,0.0
4107,1169,22.46
4107,1174,31.48
4107,1176,0.0
4110,1169,24.52
4110,1174,46.95
4110,1176,12.07
4113,1169,26.12
4113,1174,61.8
4116,1169,26.56
4116,1174,72.7
4119,1169,29.62
4119,1174,83.35
4122,1174,87.55
4125,1174,87.74
4125,1169,34.12
4128,1174,87.88
4128,1189,0.0
4128,1169,34.12
4131,1174,87.32
4131,1189,16.2
4131,1169,36.28
4134,1174,95.18
4134,1189,25.2
4134,1169,36.97
4137,1174,94.7
4137,1189,27.44
4140,1174,92.42
4140,1189,28.43
4140,1169,42.99
4143,1174,87.6
4143,1169,46.04
4146,1174,80.8
4146,1169,46.73
4149,1174,72.64
4149,1169,47.42
4152,1174,64.79
4152,1169,50.48
4155,1174,59.12
4155,1169,53.53
4158,1174,52.63
4158,1169,52.72
4161,1174,49.23
4161,1169,55.78
4161,1198,0.0
4164,1174,44.79
4164,1169,57.49
4164,1198,15.27
4167,1174,41.39
4167,1169,60.55
4167,1198,18.23
4170,1174,39.12
4170,1169,59.75
4170,1198,21.31
4173,1174,35.72
4173,1169,62.8
4173,1198,23.16
4176,1174,34.3
4176,1169,66.66
4176,1198,24.39
4176,1204,0.0
4179,1174,32.21
4179,1169,72.03
4179,1198,25.27
4179,1204,38.18
4179,1205,0.0
4182,1174,31.21
4182,1169,75.09
4182,1198,25.93
4185,1174,30.39
4185,1169,77.2
4185,1198,26.44
4185,1204,87.39
4185,1205,95.53
4188,1174,30.13
4188,1198,26.85
4188,1205,103.93
4191,1174,26.83
4191,1198,29.9
4191,1205,117.81
4191,1169,88.17
4194,1174,25.58
4194,1205,127.99
4194,1169,91.72
4197,1174,25.58
4197,1205,134.65
4200,1174,24.5
4200,1205,136.17
4203,1174,23.16
4203,1205,135.41
4206,1205,133.12
4209,1205,130.5
4209,1174,23.16
4212,1205,139.66
4212,1174,21.27
4215,1205,128.34
4215,1174,21.02
4218,1205,124.7
4218,1174,20.76
4221,1205,116.54
4221,1174,20.13
4224,1205,107.31
4224,1174,19.68
4227,1205,95.09
4227,1174,18.6
4227,1231,0.0
4230,1205,85.96
4230,1174,17.72
4230,1231,24.15
4233,1231,53.68
4236,1231,70.44
4239,1231,80.5
4239,1174,20.01
4242,1231,85.44
4245,1231,87.21
4248,1231,86.13
4251,1231,85.05
4251,1243,0.0
4254,1231,84.18
4254,1243,38.18
4257,1231,89.68
4257,1243,47.35
4260,1231,91.42
4260,1243,49.28
4263,1243,48.33
4266,1243,49.45
4269,1243,47.01
4272,1243,46.7
4275,1243,46.46
4278,1243,46.27
4281,1243,47.35
4284,1243,42.95
4287,1243,39.62
4290,1243,37.53
4290,1274,0.0
4290,1275,0.0
4293,1243,36.49
4293,1274,7.64
4293,1275,0.0
4296,1243,33.15
4296,1274,18.07
4299,1243,33.32
4299,1274,21.19
4302,1243,31.03
4302,1274,20.01
4305,1243,28.74
4305,1274,24.31
4308,1243,26.7
4308,1274,26.4
4311,1243,27.78
4311,1274,26.92
4314,1243,26.7
4314,1274,29.02
4317,1274,30.01
4320,1274,33.06
4320,1287,0.0
4323,1274,34.59
4332,1274,40.88
4335,1274,43.64
4338,1274,49.75
4350,1305,0.0
4353,1305,0.0
4368,1316,0.0
4371,1316,12.07
4374,1316,21.03
4377,1316,25.51
4380,1316,26.51
4383,1316,27.19
4383,1331,0.0
4386,1316,28.86
4386,1331,36.22
4389,1316,30.12
4389,1331,62.92
4392,1316,31.1
4392,1331,73.78
4395,1316,32.57
4398,1316,37.16
4401,1316,40.14
4404,1316,40.14
4407,1316,42.36
4407,1347,0.0
4407,1348,0.0
4410,1316,45.41
4413,1316,47.75
4416,1316,50.78
4419,1316,52.28
4422,1316,56.18
4425,1316,60.03
4428,1316,63.08
4434,1316,76.79
4437,1316,83.69
4440,1316,89.8
4440,1362,0.0
4443,1316,96.7
4443,1362,5.4
4443,1364,0.0
4446,1316,103.52
4446,1362,8.69
4446,1364,38.94
4449,1316,110.35
4449,1364,61.59
4452,1316,119.03
4452,1364,87.41
4455,1364,105.68
4458,1364,115.48
4461,1364,120.47
4461,1374,0.0
4464,1364,119.31
4464,1374,17.07
4467,1364,116.3
4467,1374,16.47
4470,1364,114.33
4470,1374,16.17
4473,1364,121.58
4476,1364,120.62
4479,1364,116.76
4482,1364,106.09
4485,1364,93.61
4488,1364,81.62
4491,1364,71.41
4494,1364,64.18
4497,1364,59.41
4500,1364,53.64
4503,1364,49.81
4506,1364,45.4
4509,1364,41.98
4512,1364,38.58
4515,1364,35.6
4518,1364,32.67
4521,1364,30.26
4524,1364,28.78
4527,1364,26.48
4530,1364,24.12
4533,1364,22.23
4536,1364,22.23
4539,1364,21.23
4542,1364,19.9
4542,1396,0.0
4545,1364,19.01
4545,1397,0.0
4548,1364,18.56
4551,1364,17.67
4554,1364,16.34
4557,1364,15.26
4560,1364,15.26
4560,1403,0.0
4563,1403,16.2
4563,1404,0.0
4566,1403,18.0
4566,1405,0.0
4566,1364,15.89
4569,1403,18.9
4569,1405,5.4
4569,1364,15.0
4572,1403,19.44
4572,1405,3.6
4572,1364,13.67
4575,1403,19.8
4575,1405,5.4
4575,1410,0.0
4578,1403,20.06
4578,1405,6.48
4578,1410,10.8
4578,1364,15.0
4581,1403,20.25
4581,1364,15.0
4584,1403,19.2
4584,1364,13.92
4590,1403,20.52
4593,1410,47.45
4596,1410,40.98
4599,1410,37.62
4602,1410,34.95
4602,1418,0.0
4605,1410,33.04
4605,1418,5.4
4608,1410,31.93
4608,1418,3.6
4641,1449,0.0
4644,1449,5.4
4647,1449,11.65
4650,1449,11.44
4659,1459,0.0
4662,1459,10.8
4665,1463,0.0
4665,1464,0.0
4668,1464,59.64
4668,1459,18.0
4671,1464,86.69
4671,1469,0.0
4674,1464,92.02
4674,1469,12.07
4677,1464,95.32
4677,1469,16.1
4677,1476,0.0
4680,1464,93.83
4680,1469,18.11
4680,1476,17.07
4680,1478,0.0
4683,1464,91.34
4683,1469,18.81
4683,1478,12.07
4686,1464,85.32
4686,1469,19.7
4686,1478,16.1
4689,1464,84.24
4689,1469,20.33
4689,1478,15.89
4692,1464,82.29
4692,1469,19.7
4692,1478,17.54
4695,1464,87.8
4695,1469,18.71
4698,1469,19.26
4701,1464,84.58
4704,1464,73.74
4707,1464,67.39
4710,1464,59.78
4710,1499,0.0
4713,1464,54.38
4713,1499,5.4
4716,1464,49.98
4719,1464,47.82
4722,1464,43.5
4725,1464,39.44
4728,1464,36.09
4731,1464,30.63
4734,1464,29.8
4737,1464,27.51
4740,1464,26.43
4758,1523,0.0
4761,1523,10.8
4761,1525,0.0
4764,1523,15.25
4764,1525,57.4
4767,1525,76.53
4770,1525,107.62
4773,1525,138.11
4776,1525,158.44
4779,1525,158.05
4782,1525,169.37
4785,1525,169.3
4788,1525,166.9
4788,1538,0.0
4791,1525,177.59
4803,1551,0.0
4803,1553,0.0
4806,1551,12.07
4806,1553,34.57
4809,1551,13.14
4809,1553,43.41
4812,1551,21.93
4812,1553,51.65
4815,1553,52.12
4818,1553,51.48
4818,1551,28.34
4821,1553,49.69
4821,1562,0.0
4821,1551,30.11
4824,1562,12.07
4824,1551,30.17
4827,1551,30.22
4827,1553,53.02
4830,1553,51.46
4851,1591,0.0
4851,1594,0.0
4854,1591,22.26
4857,1591,26.23
4860,1591,30.47
4863,1591,36.01
4866,1591,35.7
4866,1608,0.0
4869,1591,36.96
4869,1608,7.64
4872,1591,36.39
4872,1608,10.18
4875,1591,35.03
4878,1591,34.94
4881,1591,37.1
4884,1591,35.06
4887,1591,34.89
4887,1616,0.0
4887,1608,26.73
4890,1591,32.98
4890,1616,22.26
4890,1608,24.44
4893,1591,29.33
4893,1616,29.68
4893,1608,22.16
4896,1591,28.07
4896,1616,33.39
4896,1608,21.18
4899,1591,26.03
4899,1616,33.55
4899,1608,20.44
4902,1591,24.95
4902,1616,33.65
4902,1608,18.17
4905,1591,24.7
4905,1616,33.72
4905,1608,17.43
4908,1591,22.81
4908,1616,32.52
4908,1627,0.0
4911,1591,22.81
4911,1616,33.86
4911,1627,43.53
4911,1630,0.0
4914,1591,21.48
4914,1616,32.63
4914,1627,61.62
4917,1591,20.4
4917,1616,36.04
4917,1627,65.3
4917,1636,0.0
4920,1591,19.51
4920,1616,34.01
4920,1627,67.52
4923,1591,19.51
4923,1616,32.97
4923,1627,68.86
4926,1591,18.43
4926,1616,30.68
4926,1627,68.41
4929,1591,17.09
4929,1616,29.68
4929,1627,66.61
4932,1591,16.01
4932,1616,28.68
4935,1591,15.38
4935,1616,26.34
4935,1642,0.0
4935,1627,70.07
4938,1591,14.93
4938,1616,26.34
4938,1642,72.64
4938,1627,67.38
4941,1591,14.93
4941,1642,96.86
4941,1627,71.7
4944,1591,14.93
4944,1642,101.34
4944,1627,66.41
4947,1591,12.77
4947,1642,104.03
4947,1627,60.95
4950,1591,13.41
4950,1642,103.67
4950,1627,56.73
4953,1591,12.77
4953,1642,99.77
4953,1627,52.34
4953,1653,0.0
4956,1591,11.69
4956,1642,97.03
4956,1627,48.19
4959,1591,12.14
4959,1642,93.94
4959,1627,43.78
4959,1653,69.15
4962,1591,12.14
4962,1642,89.12
4962,1627,41.62
4962,1658,0.0
4962,1653,66.46
4965,1642,94.52
4965,1627,35.08
4965,1653,65.12
4965,1659,0.0
4968,1642,86.1
4968,1627,33.18
4968,1653,62.89
4968,1659,31.48
4968,1658,32.84
4971,1627,31.02
4971,1653,58.9
4971,1659,33.97
4971,1658,29.1
4974,1653,56.05
4974,1659,36.93
4977,1653,55.08
4977,1659,38.71
4977,1627,31.92
4980,1653,53.29
4980,1659,41.26
4980,1627,30.02
4983,1653,50.37
4983,1659,40.92
4983,1627,28.76
4986,1653,54.27
4986,1659,42.56
4986,1627,27.68
4989,1653,42.85
4989,1659,47.72
4989,1627,26.43
4992,1653,39.8
4992,1627,25.35
4995,1653,36.74
4995,1627,24.52
4995,1659,48.46
4998,1653,33.76
4998,1627,23.44
4998,1659,51.87
5001,1653,31.39
5001,1627,22.11
5001,1659,48.63
5004,1653,29.02
5004,1627,22.11
5004,1659,47.79
5007,1653,26.61
5007,1627,18.87
5007,1659,48.72
5010,1653,23.8
5010,1627,17.53
5010,1659,50.7
5013,1653,22.46
5013,1627,16.45
5013,1659,52.94
5016,1653,21.62
5016,1659,58.21
5019,1653,21.37
5019,1659,59.38
5019,1627,15.82
5022,1653,20.47
5022,1659,55.87
5025,1653,18.5
5025,1659,62.96
5028,1653,17.61
5028,1659,67.33
5031,1653,18.5
5031,1659,73.57
5034,1653,18.05
5034,1659,76.62
5034,1667,0.0
5037,1653,17.16
5037,1659,76.52
5040,1653,17.61
5040,1659,76.06
5040,1667,57.4
5043,1653,17.61
5043,1659,75.33
5046,1653,15.64
5046,1659,70.75
5049,1653,15.64
5049,1659,68.77
5049,1668,0.0
5052,1659,68.2
5055,1659,61.0
5055,1653,15.89
5055,1668,46.45
5058,1659,58.04
5058,1669,0.0
5058,1668,48.96
5061,1659,53.34
5061,1668,50.22
5064,1653,16.34
5067,1675,0.0
5067,1653,16.34
5067,1659,55.66
5070,1675,48.9
5070,1659,54.16
5073,1675,54.49
5073,1659,54.34
5073,1681,0.0
5076,1675,62.64
5076,1659,48.96
5079,1675,63.25
5079,1659,49.77
5082,1659,47.61
5085,1659,45.83
5085,1675,72.83
5088,1659,41.96
5088,1675,65.87
5091,1659,41.71
5091,1675,65.85
5094,1659,40.18
5094,1675,64.65
5097,1659,34.8
5097,1675,60.35
5100,1659,33.33
5103,1659,30.08
5103,1675,69.25
5106,1659,30.97
5106,1675,62.71
5106,1653,23.88
5109,1659,27.99
5109,1675,59.56
5109,1653,22.8
5112,1659,27.99
5112,1675,53.01
5112,1653,21.27
5115,1659,28.82
5118,1659,30.35
5118,1653,21.27
5121,1659,27.3
5121,1675,55.35
5124,1659,26.66
5124,1675,46.69
5127,1659,25.13
5127,1675,46.43
5130,1659,25.13
5133,1659,24.49
5136,1659,24.49
5139,1659,24.49
5139,1697,0.0
5148,1653,25.02
5151,1653,25.02
5190,1724,0.0
5193,1724,5.4
5205,1731,0.0
5208,1731,17.07
5211,1731,22.77
5214,1731,28.21
5217,1731,29.4
5220,1731,30.19
5223,1731,30.75
5229,1731,33.79
5232,1731,32.72
5235,1731,31.86
5238,1731,34.02
5241,1731,33.02
5244,1731,31.77
5247,1731,29.48
5250,1731,27.14
5268,1759,0.0
5268,1761,0.0
5271,1759,5.4
5274,1759,8.69
5277,1759,6.52
5277,1768,0.0
5280,1759,7.37
5280,1768,5.4
5283,1759,7.94
5286,1768,10.8
5289,1768,11.92
5292,1768,11.69
5295,1768,11.54
5295,1787,0.0
5295,1759,10.26
5298,1768,11.44
5298,1787,24.15
5298,1759,10.33
5301,1768,11.92
5301,1787,37.09
5304,1768,10.59
5304,1787,42.35
5304,1759,11.86
5307,1768,10.61
5307,1759,12.2
5310,1768,11.69
5310,1759,12.2
5310,1796,0.0
5310,1787,52.34
5313,1768,10.61
5313,1759,12.65
5313,1796,16.2
5313,1787,51.66
5316,1759,11.12
5316,1796,30.18
5316,1787,51.18
5319,1759,12.2
5319,1796,50.82
5319,1787,49.05
5322,1759,12.2
5322,1796,64.81
5322,1787,47.4
5325,1759,11.12
5325,1796,72.36
5325,1787,46.07
5328,1759,8.71
5328,1796,74.46
5328,1787,49.13
5331,1759,8.71
5331,1796,77.6
5331,1787,47.71
5331,1768,13.28
5334,1796,77.71
5334,1787,44.83
5337,1796,76.51
5337,1787,41.43
5337,1799,0.0
5340,1796,83.08
5340,1787,34.62
5340,1799,24.15
5343,1796,85.35
5343,1787,32.2
5343,1799,24.15
5343,1800,0.0
5346,1796,84.93
5346,1787,29.79
5349,1796,79.47
5349,1787,28.79
5352,1796,71.72
5352,1787,27.79
5355,1796,65.16
5355,1787,25.9
5355,1759,11.12
5358,1796,60.9
5358,1787,25.01
5361,1796,55.27
5361,1787,24.01
5364,1796,49.82
5364,1787,22.12
5364,1759,11.12
5367,1796,46.49
5367,1787,22.12
5367,1759,12.2
5370,1796,42.34
5370,1787,20.78
5373,1796,40.07
5373,1787,19.9
5373,1759,12.2
5376,1796,38.08
5376,1787,18.56
5376,1759,12.2
5379,1796,34.68
5379,1787,17.67
5382,1796,32.52
5382,1787,17.42
5382,1759,13.54
5385,1796,31.49
5385,1759,12.46
5388,1759,12.46
5391,1808,0.0
5391,1796,31.35
5394,1808,0.0
5397,1796,31.49
5400,1796,31.23
5400,1759,13.54
5403,1796,30.15
5403,1816,0.0
5403,1759,12.46
5406,1796,28.82
5406,1816,27.0
5409,1796,27.1
5409,1816,32.84
5409,1820,0.0
5412,1796,25.85
5412,1820,22.91
5412,1759,9.79
5415,1796,24.51
5415,1820,41.23
5415,1821,0.0
5415,1816,46.4
5418,1796,24.51
5418,1820,48.21
5418,1821,22.26
5418,1759,9.34
5421,1796,22.63
5421,1820,45.05
5421,1821,25.64
5421,1759,9.34
5424,1796,19.39
5424,1820,44.03
5424,1821,25.27
5424,1759,8.89
5427,1796,16.01
5427,1820,42.62
5430,1796,16.01
5430,1820,40.31
5430,1821,35.94
5433,1796,14.93
5433,1820,39.62
5433,1821,35.64
5436,1796,14.93
5436,1820,43.3
5439,1796,14.49
5439,1820,58.46
5439,1829,0.0
5442,1796,13.41
5442,1820,69.15
5442,1829,65.02
5442,1821,44.52
5445,1796,14.49
5445,1820,76.82
5445,1829,98.29
5445,1821,41.65
5448,1796,13.41
5448,1829,110.04
5448,1834,0.0
5451,1796,12.96
5451,1829,115.69
5451,1834,12.07
5451,1821,43.14
5454,1796,12.96
5454,1829,115.54
5454,1834,18.85
5454,1821,41.24
5454,1820,107.33
5457,1796,11.88
5457,1829,113.26
5457,1834,22.24
5457,1821,42.32
5457,1820,115.57
5460,1796,10.8
5460,1829,108.84
5460,1834,22.62
5460,1821,40.29
5460,1820,120.97
5463,1796,10.8
5463,1829,106.12
5463,1834,24.54
5463,1821,39.21
5463,1820,125.34
5466,1796,10.8
5466,1829,102.42
5466,1834,22.58
5466,1820,131.36
5469,1834,24.02
5469,1820,133.34
5469,1821,40.21
5472,1834,22.55
5472,1820,131.11
5472,1821,35.76
5472,1796,11.25
5475,1834,22.46
5475,1820,121.35
5475,1796,11.25
5478,1820,111.48
5478,1796,10.61
5481,1820,99.91
5481,1796,9.53
5481,1834,26.78
5484,1820,67.06
5484,1796,9.53
5484,1834,25.44
5487,1820,58.64
5487,1796,9.53
5487,1834,23.28
5490,1820,51.76
5490,1796,9.53
5493,1820,47.87
5496,1820,42.49
5499,1820,40.99
5502,1820,38.0
5505,1820,34.13
5508,1820,31.14
5511,1820,29.66
5514,1820,26.16
5517,1820,24.64
5520,1820,24.64
5523,1820,21.82
5526,1820,21.18
5529,1820,17.29
5532,1820,16.4
5532,1864,0.0
5535,1820,16.4
5538,1820,15.07
5541,1820,13.73
5541,1874,0.0
5541,1875,0.0
5544,1820,14.18
5544,1874,12.07
5547,1820,13.73
5547,1874,13.14
5550,1820,13.73
5550,1874,13.67
5553,1820,13.73
5553,1874,15.77
5556,1820,11.32
5559,1820,12.4
5559,1874,18.23
5562,1820,11.95
5562,1874,15.63
5577,1820,18.65
5580,1820,18.65
5583,1820,18.65
5586,1820,18.65
5589,1820,18.65
5589,1895,0.0
5592,1820,17.31
5592,1895,15.27
5595,1820,16.23
5595,1895,23.16
5598,1820,17.31
5598,1895,27.1
5601,1820,17.31
5601,1895,27.79
5601,1900,0.0
5604,1820,16.23
5604,1895,31.21
5604,1900,0.0
5607,1820,9.53
5607,1895,28.29
5607,1900,0.0
5610,1820,8.45
5610,1895,35.04
5610,1900,2.7
5613,1895,38.14
5613,1900,2.16
5616,1895,39.73
5616,1900,3.6
5619,1895,43.62
5622,1895,46.67
5625,1895,48.18
5628,1895,49.69
5631,1895,52.74
5634,1895,54.83
5637,1895,59.86
5640,1895,59.27
5643,1895,59.88
5643,1900,9.45
5646,1895,62.92
5646,1900,8.27
5649,1900,8.55
5652,1900,8.77
5652,1910,0.0
5655,1900,8.77
5655,1910,42.17
5658,1900,9.85
5658,1910,63.75
5661,1900,10.93
5661,1910,78.59
5664,1900,12.01
5664,1910,95.27
5667,1900,14.17
5667,1910,107.85
5670,1910,115.99
5673,1910,117.24
5676,1910,117.63
5679,1910,115.52
5682,1910,122.44
5685,1910,123.66
5688,1910,120.22
5691,1910,114.2
5694,1910,104.11
5697,1910,93.33
5700,1910,80.74
5703,1910,72.98
5706,1910,64.32
5709,1910,59.49
5712,1910,54.99
5715,1910,49.22
5718,1910,45.39
5721,1910,42.51
5724,1910,39.46
5727,1910,37.05
5730,1910,34.69
5733,1910,32.27
5736,1910,31.27
5739,1910,28.86
5742,1910,27.97
5745,1910,26.49
5748,1910,24.16
5751,1910,22.27
5751,1944,0.0
5754,1910,21.63
5757,1910,19.26
5760,1910,18.82
5763,1910,17.93
5763,1944,10.8
5766,1910,17.04
5766,1944,14.4
5769,1910,15.71
5769,1944,10.8
5772,1910,16.59
5772,1944,8.64
5775,1910,15.26
5775,1944,9.0
5778,1910,15.26
5778,1944,7.71
5781,1910,14.81
5784,1910,13.92
5787,1944,6.75
5790,1944,6.0
5790,1910,14.81
5793,1944,5.4
5823,1944,6.48
5826,1944,4.32
5829,1944,2.16
5832,1944,3.24
5835,1944,4.32
5835,1971,0.0
5838,1944,3.24
5841,1944,4.32
5850,1944,5.4
5853,1944,6.48
5856,1944,7.56
5859,1944,6.48
5862,1944,6.48
5865,1944,6.48
5868,1944,6.48
5871,1944,5.4
5874,1944,5.4
5877,1944,5.4
5880,1944,4.32
5883,1944,4.32
5886,1944,3.24
5889,1944,3.24
5892,1944,4.32
5895,1944,5.4
5898,1944,5.4
5901,1944,5.4
5904,1944,5.4
5907,1944,4.32
5910,1944,5.4
5913,1944,4.32
5916,1944,5.4
5919,1944,6.48
5922,1944,6.48
5925,1944,5.4
5928,1944,4.32
5931,1944,5.4
5934,1944,5.4
5937,1944,5.4
5940,1944,5.4
5943,1944,5.4
5976,1996,0.0
5979,1996,22.26
5982,1996,22.04
5985,1996,20.35
5988,1996,18.44
6000,1944,6.48
6003,1944,5.4
6006,1944,5.4
6009,1944,5.4
6012,1944,6.48
6015,1944,5.4
6018,1944,5.4
6021,1944,5.4
6024,1944,5.4
6057,2009,0.0
6060,2009,21.6
6063,2009,28.8
6066,2009,32.73
6069,2009,34.82
6072,2009,34.71
6075,2009,35.92
6078,2009,34.13
6081,2009,33.94
6084,2009,32.71
6087,2009,34.87
6090,2009,32.71
6093,2009,30.55
6096,2009,28.25
6099,2009,26.35
6102,2009,24.46
6105,2009,22.3
6108,2009,21.22
6111,2009,20.14
6114,2009,20.14
6117,2009,19.51
6120,2009,18.88
6123,2009,19.13
6126,2009,16.97
6129,2009,15.64
6138,2009,17.35
6141,2009,16.27
6144,2009,16.27
6150,2009,16.27
6153,2009,15.19
6156,2009,13.66
6225,2027,0.0
6228,2027,0.0
6231,2027,0.0
6234,2027,0.0
6234,2029,0.0
6237,2027,0.0
6240,2027,0.0
6255,2041,0.0
6258,2041,17.07
6261,2041,22.77
6264,2041,25.61
6267,2041,27.32
6270,2041,26.79
6273,2041,26.41
6273,2027,3.09
6276,2041,27.38
6276,2027,5.4
6285,2041,31.93
6288,2041,30.89
6291,2041,33.31
6294,2041,30.97
6297,2041,29.97
6300,2041,28.72
6327,2065,0.0
6330,2065,5.4
6333,2065,8.69
6336,2065,9.22
6339,2065,9.53
6342,2065,10.49
6342,2070,0.0
6345,2070,0.0
6348,2070,8.05
6351,2070,8.74
6354,2070,9.15
6363,2072,0.0
6366,2072,57.4
6369,2072,91.41
6372,2072,118.2
6372,2079,0.0
6375,2072,137.43
6375,2079,0.0
6378,2072,148.0
6378,2079,0.0
6381,2072,150.41
6384,2072,149.97
6387,2072,146.28
6390,2072,141.31
6393,2072,151.27
6396,2072,148.22
6399,2072,139.2
6399,2092,0.0
6399,2079,7.64
6402,2072,124.74
6402,2096,0.0
6402,2079,8.27
6405,2072,109.6
6405,2079,15.89
6408,2072,94.91
6408,2079,17.07
6408,2102,0.0
6411,2072,83.83
6411,2079,16.84
6411,2102,22.26
6414,2072,73.03
6414,2079,14.97
6414,2102,33.2
6417,2072,66.75
6417,2079,15.0
6417,2102,36.97
6417,2103,0.0
6420,2072,60.99
6420,2102,36.41
6420,2103,43.53
6423,2072,54.09
6423,2102,38.39
6423,2103,62.21
6426,2072,49.55
6426,2102,37.78
6426,2103,68.42
6429,2072,45.69
6429,2102,38.63
6429,2103,70.01
6432,2072,44.18
6432,2102,37.02
6432,2103,71.07
6435,2072,40.3
6435,2102,36.56
6435,2103,68.63
6438,2072,37.31
6438,2103,66.93
6441,2072,34.97
6441,2103,66.8
6441,2102,42.37
6444,2072,32.6
6444,2103,63.53
6444,2102,40.33
6447,2072,29.62
6447,2103,69.04
6447,2102,36.99
6450,2072,28.78
6450,2103,64.65
6453,2072,26.8
6453,2103,59.01
6456,2072,25.96
6456,2103,54.76
6459,2072,24.44
6459,2103,50.36
6462,2072,22.07
6462,2103,46.14
6465,2072,20.73
6465,2103,42.9
6465,2123,0.0
6468,2072,19.4
6468,2103,40.81
6468,2123,16.2
6471,2072,17.87
6471,2123,18.85
6474,2072,17.87
6474,2123,22.24
6477,2072,17.87
6477,2123,22.11
6477,2127,0.0
6480,2072,16.35
6480,2123,22.45
6483,2072,16.35
6483,2123,23.87
6486,2072,14.82
6486,2123,23.59
6489,2072,14.37
6489,2123,23.65
6492,2123,23.44
6495,2123,25.86
6498,2137,0.0
6501,2137,75.01
6501,2072,17.42
6501,2123,26.94
6504,2137,140.0
6504,2072,17.87
6507,2137,177.54
6507,2072,17.87
6507,2123,28.84
6510,2137,193.96
6510,2072,17.87
6510,2123,27.13
6513,2137,193.68
6513,2072,16.35
6513,2123,27.13
6516,2137,188.95
6516,2072,13.93
6516,2123,26.88
6519,2137,182.51
6519,2072,13.93
6519,2123,25.16
6522,2137,176.68
6522,2072,12.85
6522,2123,24.08
6525,2137,168.97
6528,2137,178.92
6531,2137,172.35
6534,2137,152.27
6537,2137,130.17
6540,2137,111.12
6540,2123,29.3
6543,2137,98.19
6543,2123,28.22
6546,2137,87.54
6546,2123,26.89
6549,2137,78.37
6549,2123,24.73
6552,2137,69.26
6555,2137,64.14
6558,2137,58.07
6561,2137,53.53
6564,2137,49.03
6567,2137,45.17
6570,2137,41.31
6573,2137,37.43
6576,2137,34.45
6579,2137,32.92
6582,2137,31.44
6585,2137,29.02
6588,2137,26.66
6591,2137,24.29
6591,2167,0.0
6594,2137,23.4
6594,2167,5.4
6597,2137,23.4
6597,2167,10.8
6600,2137,21.88
6600,2167,14.14
6603,2137,20.99
6603,2167,14.36
6606,2137,20.1
6606,2167,13.77
6609,2137,19.46
6609,2167,11.8
6612,2167,11.68
6615,2167,10.38
6618,2167,11.5
6621,2167,11.5
6624,2167,11.5
6627,2167,10.42
6630,2167,8.01
6633,2172,0.0
6636,2172,5.4
6747,2208,0.0
6750,2208,32.84
6786,2230,0.0
6789,2230,16.2
6789,2234,0.0
6792,2230,25.2
6795,2230,29.7
6798,2230,32.4
6801,2230,32.4
6804,2230,33.94
6804,2246,0.0
6807,2230,32.4
6807,2246,17.07
6807,2234,236.66
6810,2230,32.4
6810,2246,30.77
6810,2234,202.88
6813,2230,32.4
6813,2246,34.21
6813,2234,185.0
6816,2230,34.56
6816,2246,34.2
6816,2234,182.89
6816,2248,0.0
6819,2230,33.48
6819,2246,35.92
6819,2234,179.41
6819,2248,16.2
6822,2230,32.4
6822,2246,35.67
6822,2234,174.53
6822,2248,15.89
6825,2230,30.24
6825,2246,34.23
6825,2234,173.8
6825,2248,17.95
6828,2230,27.0
6828,2246,34.22
6828,2234,168.94
6828,2248,16.52
6831,2230,24.84
6831,2246,32.96
6831,2234,161.34
6831,2248,17.37
6831,2249,0.0
6834,2230,23.76
6834,2246,35.37
6834,2234,172.03
6834,2248,17.07
6837,2230,23.13
6837,2246,35.37
6837,2234,130.99
6837,2248,16.84
6840,2230,22.05
6840,2246,31.97
6840,2234,125.9
6840,2248,16.67
6843,2230,19.89
6843,2246,29.68
6843,2234,119.67
6843,2248,15.0
6846,2230,18.81
6846,2246,27.34
6846,2234,106.81
6846,2248,17.42
6849,2230,17.73
6849,2246,25.3
6849,2234,96.91
6849,2248,16.59
6852,2230,16.65
6852,2246,24.05
6852,2234,87.78
6852,2248,18.48
6855,2230,15.57
6855,2246,23.16
6855,2234,75.49
6855,2248,18.48
6858,2230,15.57
6858,2234,65.54
6861,2230,16.65
6861,2234,60.14
6861,2248,20.46
6864,2230,14.49
6864,2234,51.87
6864,2258,0.0
6864,2248,19.38
6867,2234,49.47
6867,2248,19.38
6867,2259,0.0
6870,2234,44.09
6870,2248,20.01
6873,2234,40.23
6873,2248,20.01
6876,2234,37.17
6876,2248,23.06
6879,2234,34.29
6879,2248,23.06
6882,2234,31.3
6882,2248,22.17
6885,2234,28.25
6885,2248,21.17
6888,2234,26.72
6888,2248,21.81
6891,2234,25.24
6891,2248,21.17
6894,2234,25.24
6894,2248,21.17
6897,2234,21.35
6897,2248,21.81
6900,2234,20.71
6900,2248,21.17
6903,2234,18.74
6903,2248,22.06
6906,2234,18.74
6906,2248,19.01
6909,2234,16.85
6909,2248,18.12
6912,2234,16.85
6912,2248,19.01
6915,2234,15.32
6915,2248,18.75
6918,2234,15.32
6918,2296,0.0
6921,2234,15.32
6921,2296,12.07
6924,2234,13.99
6924,2296,11.65
6927,2234,13.99
6927,2296,14.14
6927,2248,20.53
6930,2234,13.1
6930,2296,15.63
6930,2248,19.64
6933,2234,13.1
6933,2296,14.82
6933,2248,20.09
6936,2234,11.57
6936,2296,15.79
6936,2301,0.0
6939,2296,15.17
6942,2296,14.68
6942,2248,20.98
6942,2234,12.46
6945,2296,15.37
6945,2234,11.12
6948,2296,16.45
6951,2296,15.12
6954,2296,15.12
6957,2296,14.04
6960,2296,14.04
6963,2296,14.04
6966,2296,12.96
6969,2296,11.88
6969,2234,18.76
6972,2296,12.96
6975,2296,10.8
6975,2234,18.76
6978,2296,10.8
6981,2296,10.8
7005,2307,0.0
7005,2308,0.0
7008,2307,34.15
7008,2308,5.4
7011,2308,14.4
7029,2316,0.0
7029,2317,0.0
7032,2316,43.2
7032,2317,7.64
7032,2248,62.29
7035,2316,50.69
7035,2317,8.69
7035,2248,60.95
7038,2316,59.79
7038,2317,9.22
7041,2316,58.63
7041,2317,9.53
7041,2248,63.37
7044,2316,56.28
7044,2317,9.74
7044,2248,63.37
7047,2316,55.95
7047,2317,9.9
7047,2248,62.48
7047,2319,0.0
7050,2316,54.52
7050,2317,10.01
7050,2319,53.45
7053,2316,53.27
7053,2319,82.57
7056,2316,52.26
7056,2319,113.51
7056,2248,63.37
7059,2316,55.67
7059,2319,130.98
7062,2316,49.19
7062,2319,139.11
7065,2316,46.94
7065,2319,140.67
7068,2316,40.65
7068,2319,139.56
7071,2319,136.41
7074,2319,132.95
7074,2316,41.82
7077,2319,140.74
7077,2316,39.53
7080,2319,136.97
7080,2316,36.29
7083,2319,129.18
7083,2316,35.25
7086,2319,114.37
7086,2316,33.09
7089,2319,101.19
7089,2316,29.85
7089,2248,69.82
7092,2319,88.62
7092,2316,28.85
7092,2248,69.37
7095,2319,77.51
7095,2316,27.77
7098,2319,69.16
7098,2316,25.61
7101,2319,61.93
7101,2316,24.28
7104,2319,55.16
7104,2316,19.87
7107,2319,51.27
7107,2316,20.12
7110,2319,47.41
7113,2319,45.0
7116,2319,41.6
7119,2319,37.1
7122,2319,33.23
7125,2319,31.75
7128,2319,29.34
7128,2324,0.0
7131,2319,27.86
7131,2324,134.12
7134,2319,25.97
7134,2324,181.19
7137,2319,24.49
7137,2324,186.11
7140,2319,22.96
7140,2324,184.05
7143,2319,21.48
7143,2324,180.13
7146,2319,20.15
7149,2319,20.15
7149,2324,190.54
7152,2319,20.15
7155,2319,18.82
7158,2319,17.93
7158,2328,0.0
7161,2319,16.59
7161,2328,27.53
7164,2319,16.15
7164,2328,36.71
7167,2319,16.15
7167,2328,41.3
7170,2319,15.7
7170,2328,54.74
7173,2319,14.36
7173,2328,67.29
7176,2319,14.36
7176,2328,71.65
7179,2319,13.48
7179,2328,74.92
7182,2319,13.03
7182,2328,76.27
7185,2328,77.28
7188,2328,84.92
7191,2328,84.81
7194,2328,83.62
7194,2319,15.0
7197,2328,83.62
7197,2319,15.0
7200,2328,79.34
7200,2319,13.92
7203,2328,69.57
7203,2319,14.37
7206,2328,64.25
7209,2328,59.87
7209,2319,13.04
7212,2328,54.4
7212,2319,13.04
7215,2328,49.18
7215,2319,13.04
7218,2328,44.78
7218,2319,13.04
7221,2328,42.62
7221,2319,11.51
7221,2342,0.0
7224,2328,41.54
7224,2342,12.07
7227,2328,38.45
7227,2342,16.1
7230,2328,35.12
7233,2328,34.3
7236,2328,32.0
7239,2328,28.76
7242,2328,27.68
7245,2328,25.8
7245,2342,35.3
7248,2328,24.72
7248,2342,31.29
7251,2328,22.56
7251,2342,27.88
7254,2328,21.48
7254,2342,26.08
7257,2328,21.48
7257,2342,24.17
7263,2328,20.4
7266,2328,20.14
7269,2328,19.06
7272,2328,17.98
7275,2328,17.35
7278,2328,17.98
7281,2328,16.9
7287,2328,17.98
7299,2328,20.65
7302,2328,18.24
7305,2328,17.16
7308,2328,16.08
7311,2328,16.08
7314,2328,15.0
7323,2353,0.0
7326,2353,49.78
7329,2353,81.21
7332,2353,77.99
7332,2328,18.98
7335,2353,74.02
7335,2328,17.9
7338,2328,17.9
7341,2328,16.82
7341,2353,79.41
7344,2328,11.99
7344,2353,77.06
7347,2328,13.51
7347,2353,77.26
7350,2328,13.51
7350,2353,76.72
7353,2328,12.43
7353,2353,80.17
7356,2328,12.43
7356,2353,96.97
7359,2328,12.43
7359,2353,104.08
7362,2353,106.16
7365,2353,111.93
7368,2353,118.42
7371,2353,119.86
7374,2353,122.85
7377,2353,122.78
7380,2353,123.32
7383,2353,118.5
7383,2363,0.0
7386,2353,108.0
7386,2363,61.56
7389,2353,96.32
7389,2363,102.97
7392,2353,85.24
7392,2363,130.82
7395,2353,78.04
7395,2363,148.39
7398,2353,70.56
7398,2363,152.68
7401,2353,62.38
7401,2363,154.42
7404,2353,56.98
7404,2363,150.86
7407,2353,53.09
7407,2363,145.16
7410,2353,49.2
7410,2363,140.3
7413,2353,45.95
7413,2363,148.09
7416,2353,43.55
7416,2363,143.56
7416,2367,0.0
7419,2353,41.57
7419,2363,131.28
7422,2353,38.58
7422,2363,117.63
7425,2353,35.6
7425,2363,99.66
7428,2353,33.18
7428,2363,86.83
7431,2353,32.34
7431,2363,74.24
7434,2363,66.47
7437,2363,60.41
7440,2363,55.58
7440,2353,35.36
7443,2363,50.21
7446,2363,46.31
7449,2363,43.07
7449,2353,37.29
7452,2363,37.7
7452,2353,34.92
7455,2363,36.22
7455,2353,33.39
7458,2363,34.69
7458,2353,31.66
7461,2363,33.21
7464,2363,29.91
7464,2380,0.0
7464,2353,33.07
7467,2363,28.43
7467,2353,32.19
7470,2363,25.13
7470,2382,0.0
7470,2380,38.18
7473,2363,24.24
7473,2382,73.44
7473,2380,36.25
7476,2363,22.76
7476,2382,127.91
7476,2380,38.32
7479,2363,21.24
7479,2382,167.21
7479,2380,34.98
7482,2363,20.35
7482,2382,188.75
7482,2380,34.55
7485,2363,19.01
7485,2382,195.55
7488,2363,17.49
7488,2382,194.91
7488,2380,35.78
7491,2363,16.6
7491,2382,191.63
7494,2363,17.49
7494,2382,184.02
7497,2363,16.15
7497,2382,176.31
7500,2363,16.15
7500,2382,186.27
7503,2363,15.71
7503,2382,180.01
7506,2363,14.37
7506,2382,164.12
7509,2363,14.37
7509,2382,142.52
7512,2363,13.92
7512,2382,121.14
7515,2363,13.92
7515,2382,103.58
7518,2363,13.48
7518,2382,89.87
7521,2363,13.03
7521,2382,77.59
7524,2363,11.69
7524,2382,69.85
7527,2363,12.14
7527,2382,63.06
7530,2363,11.69
7530,2382,56.16
7533,2363,12.14
7533,2382,51.62
7536,2382,46.88
7539,2382,43.02
7542,2382,39.97
7545,2382,36.98
7548,2382,33.11
7551,2382,31.58
7554,2382,29.42
7554,2392,0.0
7557,2382,27.94
7557,2392,42.17
7560,2382,26.41
7566,2394,0.0
7569,2394,7.64
7572,2394,10.18
7575,2394,13.67
7578,2394,15.77
7587,2396,0.0
7590,2396,5.4
7593,2396,8.69
7596,2396,14.62
7599,2396,16.52
7602,2396,20.26
7605,2396,22.24
7608,2396,23.28
7611,2396,22.39
7614,2396,28.86
7617,2396,42.94
7620,2396,58.09
7623,2396,70.61
7623,2399,0.0
7626,2396,81.19
7626,2399,38.94
7629,2396,91.09
7629,2402,0.0
7632,2396,97.89
7632,2402,5.4
7635,2396,105.27
7635,2402,3.6
7638,2396,110.65
7641,2396,116.04
7644,2396,114.25
7647,2396,107.96
7650,2396,97.12
7653,2396,87.66
7659,2396,82.27
7662,2396,74.54
7665,2396,67.74
7668,2396,60.84
7671,2396,55.46
7671,2416,0.0
7674,2396,50.96
7674,2416,48.3
7674,2419,0.0
7677,2396,47.93
7677,2416,64.39
7680,2396,43.2
7680,2416,116.27
7683,2396,39.33
7683,2416,115.57
7683,2419,115.93
7686,2396,36.91
7686,2416,109.41
7686,2419,104.7
7689,2396,31.53
7689,2416,100.68
7692,2396,29.11
7692,2416,92.96
7692,2419,104.14
7695,2396,26.29
7695,2416,86.43
7698,2396,24.56
7698,2416,80.2
7701,2396,23.92
7701,2416,83.61
7704,2396,23.03
7704,2416,76.11
7707,2396,20.66
7707,2416,68.87
7710,2396,18.69
7710,2416,43.21
7710,2440,0.0
7713,2396,19.58
7713,2416,35.83
7713,2441,0.0
7716,2396,18.95
7716,2416,35.21
7716,2441,17.07
7719,2396,15.89
7719,2416,35.88
7719,2441,22.18
7719,2447,0.0
7719,2448,0.0
7722,2396,15.26
7722,2416,34.41
7722,2441,25.17
7722,2447,24.15
7725,2396,15.26
7725,2416,33.41
7725,2441,24.97
7725,2447,40.25
7728,2396,15.51
7728,2416,32.07
7731,2396,14.63
7731,2441,31.76
7734,2396,13.1
7734,2441,32.1
7737,2396,13.1
7737,2441,30.79
7740,2396,13.55
7740,2441,30.05
7743,2396,12.21
7743,2441,29.2
7746,2396,11.76
7746,2441,31.62
7749,2396,12.84
7749,2441,30.36
7752,2396,11.32
7752,2441,29.54
7752,2416,42.69
7755,2396,11.32
7755,2441,28.28
7755,2480,0.0
7755,2486,0.0
7755,2416,41.61
7758,2396,9.98
7758,2441,26.95
7758,2480,12.07
7758,2486,22.26
7758,2416,40.28
7761,2396,9.53
7761,2441,21.91
7761,2486,29.68
7761,2416,38.75
7764,2396,10.61
7764,2486,34.34
7764,2416,35.94
7767,2396,10.61
7767,2486,36.37
7767,2416,30.85
7767,2510,0.0
7770,2396,9.09
7770,2486,37.51
7770,2416,26.43
7773,2396,9.53
7773,2486,40.02
7773,2416,25.09
7776,2396,9.98
7776,2416,24.21
7776,2530,0.0
7779,2396,8.9
7779,2416,24.21
7779,2530,17.07
7779,2486,44.07
7782,2396,8.9
7782,2416,11.25
7782,2486,41.86
7785,2396,8.9
7785,2416,12.33
7785,2486,40.09
7785,2549,0.0
7785,2551,0.0
7788,2396,7.82
7788,2416,12.33
7788,2486,44.41
7788,2549,27.53
7788,2553,0.0
7791,2396,7.82
7791,2416,13.41
7791,2486,42.37
7794,2396,8.27
7794,2416,12.33
7794,2486,40.08
7794,2553,12.07
7797,2396,6.74
7797,2416,11.25
7797,2486,37.66
7800,2396,7.82
7800,2486,35.62
7800,2564,0.0
7803,2396,7.37
7803,2564,0.0
7803,2416,11.69
7806,2396,6.93
7806,2569,0.0
7809,2396,6.93
7809,2569,16.2
7812,2396,8.01
7812,2569,21.6
7815,2396,6.93
7815,2569,24.3
7815,2576,0.0
7815,2416,14.03
7818,2396,8.01
7818,2569,25.92
7818,2576,7.64
7818,2577,0.0
7821,2396,8.01
7821,2569,27.0
7821,2576,10.18
7821,2577,10.8
7824,2396,7.56
7824,2569,27.77
7824,2577,18.58
7827,2396,8.64
7827,2569,27.0
7827,2577,16.64
7827,2578,0.0
7827,2416,14.92
7830,2396,8.64
7830,2569,26.4
7833,2396,7.56
7833,2569,25.92
7833,2416,16.0
7836,2396,8.01
7836,2569,27.0
7836,2416,16.0
7836,2578,5.4
7839,2396,9.09
7839,2569,27.17
7839,2416,14.92
7842,2396,8.01
7842,2569,25.01
7842,2416,13.84
7845,2396,8.01
7845,2569,23.93
7845,2416,14.28
7845,2586,0.0
7848,2396,8.45
7848,2569,21.77
7848,2416,14.28
7848,2586,12.07
7851,2396,7.37
7851,2569,19.61
7851,2416,14.28
7851,2586,13.14
7854,2396,7.37
7854,2569,18.79
7854,2586,12.55
7857,2396,6.29
7857,2569,17.71
7857,2416,13.84
7860,2396,6.29
7860,2569,16.63
7860,2593,0.0
7863,2396,7.37
7863,2569,15.55
7863,2593,17.07
7866,2396,5.85
7866,2569,15.55
7866,2593,43.58
7866,2595,0.0
7869,2396,4.77
7869,2569,13.21
7869,2593,55.75
7872,2396,5.85
7872,2569,14.55
7872,2593,63.06
7875,2396,5.85
7875,2569,13.92
7875,2593,66.25
7878,2396,4.32
7878,2569,14.36
7878,2593,75.56
7881,2396,4.32
7881,2593,83.87
7884,2396,4.32
7884,2593,90.87
7887,2396,4.32
7887,2593,97.13
7890,2396,4.32
7890,2593,110.96
7893,2396,3.24
7893,2593,119.02
7896,2396,4.32
7896,2593,120.16
7899,2396,5.4
7899,2593,119.37
7902,2396,4.32
7902,2593,117.78
7905,2396,4.32
7905,2593,116.47
7908,2396,4.32
7908,2593,109.63
7911,2396,4.32
7911,2593,100.83
7914,2396,3.24
7914,2593,92.25
7917,2396,4.32
7917,2593,81.48
7920,2396,3.24
7920,2593,72.48
7923,2396,3.24
7923,2593,65.58
7926,2396,2.16
7926,2593,57.84
7929,2396,2.16
7929,2593,52.46
7932,2396,2.16
7932,2593,49.4
7935,2593,44.9
7938,2593,41.02
7938,2604,0.0
7938,2396,3.24
7941,2593,38.04
7941,2604,21.6
7944,2593,34.98
7944,2604,57.6
7947,2593,31.48
7947,2604,75.59
7950,2593,30.07
7950,2604,86.48
7953,2593,27.9
7953,2604,88.37
7956,2593,25.92
7956,2604,89.63
7956,2396,4.77
7959,2593,25.28
7959,2604,89.22
7962,2593,23.12
7962,2604,86.61
7965,2593,22.23
7965,2604,83.35
7968,2593,21.34
7968,2604,87.67
7971,2593,20.46
7971,2604,88.75
7974,2593,18.93
7974,2604,82.27
7977,2593,19.38
7977,2604,72.72
7980,2604,64.04
7983,2604,57.68
7983,2593,19.01
7986,2604,52.28
7986,2593,17.68
7989,2604,46.88
7992,2604,43.72
7995,2604,41.56
7998,2604,40.48
7998,2593,22.0
8001,2604,37.24
8004,2604,34.18
8007,2604,32.92
8010,2604,30.76
8013,2604,29.76
8016,2604,27.6
8019,2604,26.52
8022,2604,24.64
8025,2604,23.56
8025,2593,27.22
8028,2604,21.4
8031,2604,20.32
8031,2593,27.86
8034,2604,19.06
8034,2593,26.33
8037,2604,17.98
8037,2593,26.33
8040,2604,18.24
8043,2604,16.9
8046,2604,15.82
8049,2593,27.86
8052,2604,15.82
8055,2604,15.37
8055,2593,27.41
8058,2604,14.29
8058,2633,0.0
8061,2604,14.29
8061,2633,32.4
8064,2604,14.29
8064,2633,46.8
8064,2593,28.3
8067,2604,13.21
8067,2633,54.0
8070,2604,13.66
8070,2633,56.16
8070,2593,26.33
8073,2604,12.33
8073,2633,57.6
8073,2593,26.33
8076,2604,11.25
8076,2633,57.23
8076,2593,22.01
8079,2604,11.25
8079,2633,55.48
8079,2593,14.37
8082,2604,10.17
8082,2633,52.91
8085,2604,10.61
8085,2633,51.94
8088,2604,9.53
8088,2633,55.18
8091,2604,9.53
8091,2633,51.94
8094,2604,8.45
8094,2633,47.62
8097,2604,8.45
8097,2633,42.22
8100,2604,8.01
8100,2633,40.06
8100,2593,14.37
8103,2604,8.01
8103,2633,35.74
8103,2667,0.0
8103,2593,15.45
8106,2604,9.09
8106,2633,32.4
8109,2604,8.01
8109,2633,31.32
8112,2633,30.49
8112,2677,0.0
8115,2633,28.33
8115,2677,12.07
8118,2633,29.41
8118,2677,19.43
8121,2633,28.33
8121,2677,22.67
8121,2593,17.34
8124,2633,26.17
8124,2677,22.97
8127,2633,27.25
8127,2677,23.16
8130,2633,25.09
8130,2677,23.31
8133,2633,25.09
8133,2677,23.41
8133,2593,15.36
8136,2633,24.01
8136,2677,24.41
8139,2633,21.85
8139,2677,23.5
8142,2633,20.52
8142,2677,25.66
8145,2633,20.52
8145,2677,25.66
8145,2698,0.0
8148,2633,17.28
8148,2677,24.4
8151,2633,16.2
8151,2677,22.69
8154,2633,16.2
8154,2677,21.35
8157,2633,14.49
8157,2677,20.47
8160,2633,13.41
8160,2677,19.13
8166,2709,0.0
8166,2633,13.41
8169,2709,0.0
8172,2709,3.6
8175,2709,2.7
8211,2745,0.0
8214,2745,73.44
8217,2745,102.96
8220,2745,111.79
8223,2745,114.06
8223,2750,0.0
8226,2745,113.05
8226,2750,49.78
8226,2752,0.0
8229,2745,110.17
8229,2750,73.91
8229,2752,80.27
8232,2745,106.13
8232,2750,91.66
8232,2752,134.73
8235,2745,103.71
8235,2750,109.98
8235,2752,156.11
8238,2745,100.58
8238,2750,124.84
8238,2752,160.05
8241,2745,107.5
8241,2750,131.4
8241,2752,157.05
8244,2745,99.73
8244,2750,134.44
8244,2752,151.86
8247,2745,88.93
8247,2750,135.15
8247,2752,142.42
8250,2745,80.5
8250,2750,132.43
8250,2752,135.08
8253,2745,72.77
8253,2750,142.62
8253,2752,128.14
8256,2745,67.37
8256,2750,141.37
8256,2752,134.71
8259,2745,62.91
8259,2750,136.94
8259,2752,124.16
8262,2745,59.01
8262,2750,129.36
8265,2750,117.34
8265,2766,0.0
8268,2750,102.82
8268,2766,22.26
8271,2750,91.15
8271,2766,25.64
8274,2750,79.47
8277,2750,69.97
8277,2766,38.32
8280,2767,0.0
8283,2767,7.64
8283,2750,67.87
8286,2767,16.47
8286,2750,60.74
8286,2766,43.79
8289,2767,19.99
8289,2750,55.45
8292,2767,19.05
8292,2750,50.08
8295,2767,22.36
8295,2750,46.22
8298,2750,41.45
8301,2750,39.1
8301,2767,23.53
8304,2750,36.12
8304,2776,0.0
8304,2767,23.61
8307,2750,34.64
8307,2776,10.8
8307,2767,23.67
8310,2750,31.58
8310,2776,10.8
8310,2767,22.83
8313,2750,25.29
8313,2776,14.14
8313,2767,23.91
8316,2750,24.65
8316,2776,11.31
8319,2750,23.4
8322,2750,22.51
8325,2750,20.98
8328,2750,21.87
8331,2750,20.34
8334,2750,19.01
8337,2750,18.12
8340,2750,17.67
8343,2750,16.34
8346,2750,15.45
8349,2750,15.45
8352,2750,15.45
8355,2750,15.0
8358,2750,14.12
8361,2750,12.59
8364,2750,13.04
8367,2750,11.51
8370,2750,10.43
8373,2750,10.43
8379,2750,11.32
8472,2823,0.0
8475,2823,68.3
8475,2824,0.0
8478,2823,96.44
8481,2823,105.17
8484,2823,108.29
8487,2823,104.75
8490,2823,102.51
8493,2823,100.58
8496,2823,96.99
8499,2823,92.69
8502,2823,99.26
8505,2823,90.05
8508,2823,78.02
8511,2823,70.39
8514,2823,62.77
8517,2823,57.3
8517,2826,0.0
8520,2823,51.81
8520,2826,93.21
8523,2823,46.52
8523,2826,90.94
8526,2823,42.93
8526,2826,79.66
8529,2823,40.94
8529,2826,73.39
8532,2823,36.54
8532,2826,66.85
8535,2823,35.32
8535,2826,67.65
8538,2823,34.5
8538,2826,70.72
8541,2823,31.41
8541,2826,66.46
8544,2823,29.11
8544,2826,62.23
8547,2823,28.03
8547,2826,67.06
8550,2823,26.15
8550,2826,50.84
8553,2823,24.89
8553,2826,44.61
8556,2823,23.81
8556,2826,41.56
8559,2823,21.92
8559,2826,45.63
8559,2838,0.0
8562,2823,20.84
8562,2826,49.13
8562,2838,17.07
8565,2823,19.76
8565,2826,54.11
8568,2823,18.43
8568,2826,57.19
8571,2823,17.09
8571,2826,64.75
8574,2823,17.09
8574,2826,74.02
8577,2823,16.01
8577,2826,79.99
8580,2823,15.57
8580,2826,87.76
8583,2823,14.93
8583,2826,92.26
8586,2823,13.85
8586,2826,97.65
8589,2823,12.33
8589,2826,96.38
8592,2826,95.76
8595,2826,88.94
8595,2823,13.66
8598,2826,82.03
8598,2823,12.58
8601,2826,75.81
8601,2823,12.58
8604,2826,68.02
8604,2823,13.03
8607,2826,62.05
8607,2823,11.95
8610,2826,56.45
8610,2823,10.87
8610,2868,0.0
8613,2826,53.43
8613,2868,5.4
8616,2826,49.57
8616,2868,7.2
8619,2826,45.82
8619,2868,8.1
8622,2826,43.42
8622,2868,8.64
8622,2878,0.0
8625,2826,40.44
8628,2826,38.09
8631,2826,36.92
8634,2826,36.92
8634,2823,15.3
8637,2826,33.62
8637,2823,14.85
8640,2826,32.1
8640,2823,14.85
8643,2826,30.62
8643,2823,16.38
8646,2826,29.09
8649,2826,28.25
8649,2823,15.49
8652,2826,25.88
8652,2823,14.41
8655,2826,25.88
8655,2823,14.41
8658,2826,25.24
8661,2826,23.36
8661,2823,13.96
8664,2826,20.99
8664,2823,12.88
8667,2826,20.99
8670,2826,19.01
8673,2826,17.68
8676,2826,17.23
8679,2826,15.71
8682,2826,15.71
8685,2826,14.37
8688,2826,13.04
8691,2826,13.04
8700,2826,15.4
8703,2826,16.29
8706,2826,15.21
8709,2826,15.66
8712,2826,14.58
8715,2826,14.13
8718,2826,13.68
8721,2826,14.13
8724,2826,14.13
8727,2826,13.68
8733,2826,13.2
8742,2826,12.95
8745,2826,12.95
8748,2826,11.42
8751,2826,12.95
8751,2922,0.0
8754,2826,11.87
8754,2922,42.17
8757,2826,12.32
8757,2922,61.3
8757,2931,0.0
8760,2826,10.79
8760,2922,67.06
8763,2826,10.79
8763,2922,80.01
8766,2826,9.71
8766,2922,99.87
8766,2939,0.0
8769,2826,7.82
8769,2922,114.05
8772,2826,6.74
8772,2922,121.93
8775,2826,7.82
8775,2922,127.13
8778,2826,8.9
8778,2922,129.1
8781,2826,8.45
8781,2922,141.69
8784,2826,8.45
8784,2922,143.95
8784,2939,12.07
8787,2826,8.01
8787,2922,144.18
8787,2939,8.05
8790,2826,9.09
8790,2922,144.18
8790,2939,9.85
8793,2826,9.09
8793,2922,138.79
8793,2939,7.88
8796,2826,10.17
8796,2922,126.66
8796,2939,10.59
8796,2950,0.0
8799,2922,112.86
8799,2939,9.08
8799,2950,0.0
8802,2922,102.06
8802,2939,9.3
8802,2950,3.6
8802,2953,0.0
8802,2826,9.72
8805,2922,90.59
8805,2953,42.17
8805,2826,9.72
8808,2922,80.49
8808,2953,53.31
8808,2826,8.64
8811,2826,8.64
8811,2939,10.66
8814,2826,8.64
8814,2939,12.01
8814,2922,77.18
8817,2826,9.72
8817,2939,13.09
8817,2953,88.66
8820,2826,8.64
8820,2939,10.68
8820,2953,78.71
8823,2826,7.56
8823,2953,72.08
8826,2953,76.42
8826,2972,0.0
8829,2972,12.07
8835,2931,10.8
8835,2953,105.52
8835,2972,31.1
8838,2931,25.55
8838,2953,105.86
8838,2972,29.36
8841,2931,34.91
8841,2953,105.46
8841,2972,29.6
8844,2972,28.69
8844,2990,0.0
8847,2972,26.77
8847,2953,115.12
8850,2953,110.1
8853,2953,110.33
8856,2953,102.34
8856,2972,32.07
8859,2953,106.88
8859,2826,10.37
8862,2953,112.94
8862,2826,10.82
8865,2953,112.65
8865,2826,9.74
8865,2972,35.5
8868,2953,89.52
8868,2826,8.66
8871,2953,84.77
8871,2972,35.01
8874,2953,81.5
8877,2953,77.24
8877,2972,38.06
8880,2953,79.64
8880,2972,36.73
8883,2953,77.25
8883,2972,31.34
8883,3005,0.0
8886,2953,69.67
8886,2972,30.45
8886,3005,19.47
8889,2953,69.46
8889,2972,28.92
8892,2953,65.32
8892,2972,28.04
8892,3005,36.03
8895,2953,57.77
8895,2972,27.59
8895,3005,46.68
8898,2953,52.4
8898,2972,21.75
8898,3005,43.45
8901,2953,48.71
8901,2972,16.54
8901,3005,42.7
8907,2953,47.19
8910,2953,44.85
8910,2972,18.06
8913,2953,41.45
8916,2953,38.46
8916,2972,16.54
8919,2953,39.02
8919,2972,16.98
8922,2953,36.3
8922,2972,15.46
8922,3021,0.0
8925,2953,32.9
8925,3021,17.07
8928,2953,32.65
8928,3021,29.38
8928,2972,16.35
8931,2953,31.31
8931,3021,44.3
8931,2972,16.35
8934,2953,30.42
8934,3021,50.71
8934,2972,14.82
8937,2953,26.55
8937,3021,58.56
8937,2972,14.82
8940,2953,25.02
8940,3021,61.1
8940,2972,14.82
8943,2953,24.14
8943,3021,60.35
8946,2953,24.14
8946,3021,61.23
8946,3031,0.0
8946,3032,0.0
8946,2972,15.27
8949,2953,21.21
8949,3021,61.59
8949,3031,38.18
8949,3032,7.64
8949,2972,11.76
8952,2953,18.12
8952,3021,67.09
8952,3031,64.22
8952,3032,16.47
8955,2953,16.79
8955,3021,69.08
8955,3031,79.77
8955,3032,16.17
8958,2953,16.15
8958,3021,68.13
8958,3031,87.96
8958,3032,17.77
8961,2953,16.6
8961,3021,63.55
8961,3031,90.38
8961,3032,16.61
8964,2953,16.15
8964,3021,59.15
8964,3031,89.21
8964,3032,15.78
8967,3021,53.82
8967,3031,89.19
8970,3021,50.51
8970,3031,86.87
8970,2953,17.04
8973,3021,47.16
8973,3031,85.02
8973,2953,16.59
8976,3021,44.78
8976,3031,90.83
8976,2953,16.59
8979,3021,41.54
8979,3031,89.01
8979,2953,15.71
8982,3021,39.45
8982,3031,82.89
8982,2953,15.26
8982,3041,0.0
8985,3021,36.21
8985,3031,74.14
8985,2953,13.92
8985,3041,17.07
8988,3021,33.92
8988,3031,66.9
8988,2953,14.37
8988,3041,30.77
8991,3021,32.84
8991,3031,62.16
8991,2953,13.92
8991,3041,37.61
8994,3021,32.01
8994,3031,56.35
8994,2953,14.56
8994,3041,34.92
8997,3021,29.72
8997,2953,14.56
8997,3041,34.79
9000,3021,28.82
9000,2953,13.67
9000,3041,34.7
9003,3021,28.82
9003,2953,12.59
9003,3041,34.63
9006,3021,26.52
9006,2953,11.06
9006,3041,34.58
9009,3021,26.7
9009,2953,10.61
9009,3041,32.65
9012,3021,24.36
9012,2953,11.06
9012,3041,36.06
9015,3021,24.36
9015,2953,11.06
9015,3041,34.18
9018,3021,24.36
9018,3041,30.77
9021,3021,23.54
9021,2953,10.61
9024,3021,23.28
9024,2953,11.06
9024,3041,30.77
9027,3021,22.65
9027,3041,29.89
9030,3021,21.4
9030,3041,29.71
9033,3021,20.32
9033,3041,27.82
9033,2953,11.32
9036,3021,19.24
9036,3041,26.57
9036,2953,10.24
9039,3021,16.9
9039,2953,9.79
9042,3021,18.24
9042,2953,10.87
9045,3021,17.16
9045,2953,10.87
9045,3041,29.72
9048,3021,16.52
9048,2953,10.87
9051,3021,15.19
9051,2953,9.34
9051,3058,0.0
9054,3021,15.19
9054,2953,9.79
9054,3058,15.27
9057,3021,14.74
9057,2953,9.79
9060,3021,13.66
9060,2953,9.34
9063,3021,14.11
9066,3021,14.11
9069,3021,14.11
9072,3021,13.22
9075,3021,13.22
9075,2953,12.43
9078,2953,13.51
9087,3072,0.0
9087,3021,16.15
9090,3072,19.47
9090,3021,16.15
9093,3072,29.08
9093,3021,15.51
9096,3072,46.7
9096,3021,14.43
9099,3072,56.68
9099,3021,14.43
9102,3072,59.3
9102,3021,13.99
9102,3085,0.0
9105,3072,60.59
9105,3021,13.99
9105,3085,44.53
9108,3072,65.24
9108,3021,13.99
9108,3085,80.85
9111,3021,13.54
9111,3085,106.61
9111,3091,0.0
9114,3021,13.54
9114,3085,119.44
9114,3091,73.44
9117,3021,10.17
9117,3085,121.5
9120,3085,120.83
9120,3072,98.24
9123,3085,120.33
9123,3072,94.23
9123,3091,175.77
9123,3021,10.61
9126,3021,9.09
9129,3021,10.17
9129,3085,128.32
9129,3072,106.3
9132,3021,9.09
9132,3085,123.28
9132,3072,108.89
9135,3021,9.09
9135,3085,131.06
9135,3072,107.11
9138,3085,129.07
9138,3072,99.57
9141,3085,119.13
9141,3072,93.15
9144,3085,107.03
9144,3072,89.32
9147,3085,95.36
9147,3072,83.57
9150,3085,87.57
9150,3072,76.21
9153,3085,80.72
9153,3072,41.51
9156,3085,73.62
9159,3085,59.8
9162,3085,55.42
9162,3072,42.27
9165,3085,51.53
9168,3085,47.67
9171,3085,44.68
9171,3072,37.44
9174,3085,41.44
9174,3072,33.12
9177,3085,39.1
9180,3085,36.11
9180,3072,31.59
9183,3085,34.7
9186,3085,33.17
9186,3072,30.26
9189,3085,29.93
9192,3085,28.93
9195,3085,28.09
9198,3085,26.56
9201,3085,27.2
9201,3072,30.07
9204,3085,26.56
9204,3072,26.66
9207,3085,24.59
9207,3113,0.0
9210,3085,23.7
9210,3113,36.22
9213,3113,51.56
9222,3072,32.41
9225,3072,31.52
9228,3085,30.53
9231,3085,29.0
9234,3085,27.92
9237,3085,27.92
9240,3072,33.41
9243,3133,0.0
9243,3072,28.37
9246,3133,57.4
9246,3085,27.29
9249,3133,77.2
9249,3085,27.29
9252,3133,84.9
9252,3072,24.54
9255,3133,88.3
9255,3143,0.0
9255,3072,23.46
9258,3133,87.64
9258,3143,41.12
9258,3072,24.09
9261,3133,86.24
9261,3143,56.44
9261,3072,23.01
9264,3133,84.11
9264,3143,61.8
9267,3133,82.44
9270,3133,79.6
9270,3072,23.37
9270,3143,77.6
9273,3133,85.0
9273,3072,23.37
9273,3143,74.36
9276,3133,78.92
9276,3072,17.62
9276,3143,76.92
9279,3133,71.82
9279,3072,17.17
9279,3143,78.83
9279,3155,0.0
9282,3133,65.85
9282,3143,87.91
9285,3133,59.08
9285,3143,93.81
9285,3157,0.0
9285,3072,15.28
9288,3133,53.7
9288,3143,107.64
9288,3157,5.4
9291,3133,49.8
9291,3143,112.01
9291,3072,14.84
9294,3133,45.94
9294,3143,115.9
9294,3113,287.01
9297,3133,42.92
9297,3143,118.3
9297,3157,11.65
9300,3133,39.05
9300,3143,114.17
9300,3157,11.44
9300,3072,12.95
9303,3133,37.06
9303,3143,116.14
9306,3133,34.72
9306,3143,114.16
9306,3162,0.0
9306,3157,12.2
9306,3072,11.87
9309,3133,32.55
9309,3143,111.85
9309,3162,29.08
9312,3133,30.14
9312,3143,102.71
9312,3162,38.77
9312,3072,10.79
9315,3133,27.8
9315,3143,92.85
9315,3162,50.84
9315,3072,11.87
9318,3133,27.16
9318,3143,85.32
9318,3162,65.3
9318,3072,8.45
9321,3133,25.68
9321,3143,78.13
9321,3162,75.48
9321,3072,9.53
9321,3157,15.86
9324,3143,70.93
9324,3162,80.43
9324,3072,8.45
9327,3143,64.64
9327,3162,82.82
9327,3072,7.37
9327,3133,26.52
9330,3143,59.51
9330,3162,82.76
9330,3072,6.93
9330,3133,25.04
9333,3143,55.62
9333,3162,83.19
9333,3072,5.85
9333,3133,24.6
9336,3143,51.79
9336,3162,91.05
9336,3072,5.85
9336,3133,23.34
9339,3143,49.45
9339,3162,91.05
9339,3072,5.85
9342,3143,45.59
9342,3162,91.81
9342,3072,4.77
9345,3143,42.29
9345,3162,87.55
9345,3072,3.69
9348,3143,39.89
9348,3162,80.75
9348,3072,4.77
9348,3133,24.18
9351,3143,37.54
9351,3162,71.52
9351,3133,24.18
9354,3143,35.56
9354,3162,66.01
9354,3133,23.29
9357,3143,34.08
9357,3162,58.47
9360,3143,32.3
9360,3162,54.57
9360,3072,3.69
9363,3143,29.94
9363,3162,49.28
9363,3072,3.69
9366,3162,44.83
9366,3072,4.77
9366,3176,0.0
9369,3162,41.43
9369,3072,3.69
9369,3143,31.35
9372,3162,38.1
9372,3072,4.77
9372,3143,28.3
9375,3162,37.06
9375,3072,4.32
9375,3143,28.3
9378,3162,34.61
9378,3143,27.85
9381,3162,34.43
9381,3072,5.4
9384,3162,31.34
9384,3190,0.0
9384,3191,0.0
9384,3193,0.0
9384,3072,5.4
9384,3143,27.85
9387,3162,31.09
9387,3190,49.78
9387,3193,5.4
9387,3072,5.4
9387,3143,25.88
9390,3162,28.93
9390,3190,71.45
9390,3193,3.6
9390,3072,4.32
9393,3162,27.04
9393,3190,80.32
9393,3193,5.4
9393,3072,4.32
9393,3197,0.0
9396,3162,26.87
9396,3190,84.17
9396,3072,4.32
9396,3197,58.15
9399,3162,25.98
9399,3190,84.2
9399,3072,4.32
9399,3197,80.9
9399,3143,29.38
9402,3162,24.9
9402,3190,82.52
9402,3197,83.74
9402,3202,0.0
9402,3143,28.04
9405,3162,22.56
9405,3190,80.85
9405,3197,85.45
9405,3202,27.0
9408,3162,20.59
9408,3190,78.65
9408,3197,84.31
9408,3202,41.05
9408,3193,13.48
9408,3072,5.4
9411,3162,18.88
9411,3190,76.89
9411,3197,82.02
9411,3202,48.07
9411,3193,11.24
9411,3072,4.32
9414,3162,18.62
9414,3190,81.48
9414,3197,80.83
9414,3202,49.26
9414,3193,11.17
9414,3072,4.32
9417,3162,17.99
9417,3197,77.96
9417,3193,11.13
9417,3072,3.24
9420,3162,17.99
9420,3197,77.0
9420,3072,3.24
9420,3190,82.32
9423,3162,17.99
9423,3197,81.45
9423,3072,3.24
9423,3190,74.73
9423,3193,11.09
9426,3162,14.75
9426,3197,73.71
9426,3072,3.24
9426,3190,67.94
9426,3193,11.06
9429,3162,14.3
9429,3197,65.52
9429,3072,3.24
9429,3190,61.87
9429,3193,12.14
9432,3162,14.3
9432,3197,60.75
9432,3072,4.32
9432,3190,57.33
9435,3162,14.3
9435,3197,54.94
9435,3072,4.32
9435,3190,53.98
9435,3193,12.59
9438,3162,14.75
9438,3197,50.49
9438,3072,3.24
9438,3190,50.12
9438,3193,12.59
9441,3162,13.22
9441,3197,47.08
9441,3072,3.24
9441,3190,46.43
9441,3193,11.51
9444,3162,12.14
9444,3197,43.25
9444,3072,2.16
9444,3190,43.37
9444,3226,0.0
9447,3162,12.14
9447,3197,38.82
9447,3072,2.16
9447,3190,41.21
9447,3229,0.0
9447,3193,8.45
9450,3162,9.98
9450,3197,36.44
9450,3190,33.46
9450,3229,22.91
9450,3233,0.0
9453,3162,9.53
9453,3197,35.41
9453,3190,34.4
9453,3229,35.64
9453,3233,5.4
9456,3162,10.61
9456,3190,32.92
9456,3229,42.0
9456,3233,11.65
9459,3162,9.53
9459,3190,30.55
9459,3229,47.43
9459,3233,11.44
9462,3162,8.45
9462,3190,28.19
9462,3229,52.5
9462,3233,13.47
9465,3162,7.37
9465,3190,25.82
9465,3229,57.72
9465,3233,13.02
9468,3162,6.93
9468,3190,24.29
9468,3229,62.04
9468,3233,12.71
9468,3243,0.0
9471,3162,8.45
9471,3190,24.93
9471,3229,67.5
9474,3162,7.37
9474,3190,23.4
9474,3229,70.94
9477,3162,6.93
9477,3190,22.52
9477,3229,81.63
9480,3162,6.93
9480,3190,20.99
9480,3229,87.85
9483,3162,7.37
9483,3190,17.69
9483,3229,90.17
9483,3249,0.0
9483,3233,20.95
9486,3162,7.37
9486,3190,16.8
9486,3229,93.23
9486,3249,17.07
9486,3233,19.82
9486,3072,5.4
9489,3162,8.45
9489,3190,16.35
9489,3229,94.75
9489,3249,29.38
9492,3162,7.37
9492,3190,15.9
9492,3229,94.6
9492,3249,32.84
9492,3252,0.0
9495,3162,8.9
9495,3229,93.33
9495,3249,33.1
9495,3252,12.07
9495,3072,5.4
9498,3162,8.9
9498,3229,91.02
9498,3252,11.65
9501,3229,86.81
9501,3252,14.77
9501,3190,15.46
9501,3249,40.18
9504,3229,82.73
9504,3252,11.82
9504,3190,16.98
9504,3249,39.32
9507,3229,78.96
9507,3252,12.39
9507,3249,38.45
9510,3229,73.56
9510,3252,15.25
9510,3249,36.58
9510,3162,9.79
9510,3190,15.46
9513,3229,69.7
9513,3249,36.34
9516,3229,66.65
9516,3249,37.42
9519,3229,62.11
9519,3249,37.24
9522,3229,59.87
9522,3249,34.0
9525,3229,57.64
9525,3249,32.1
9528,3229,54.62
9528,3249,30.84
9531,3229,52.28
9534,3229,50.07
9534,3249,26.52
9537,3229,47.73
9537,3249,25.27
9540,3229,45.39
9540,3249,23.11
9543,3229,44.22
9543,3249,23.36
9549,3229,45.03
9552,3229,45.03
9555,3229,43.52
9558,3229,41.18
9558,3265,0.0
9561,3229,39.7
9561,3265,5.4
9564,3229,38.17
9564,3265,7.2
9567,3265,5.4
9570,3229,39.68
9576,3229,40.49
9579,3229,38.97
9582,3229,38.61
9588,3229,34.75
9591,3268,0.0
9591,3229,33.27
9594,3229,30.9
9597,3229,30.26
9606,3268,10.8
9612,3270,0.0
9612,3229,37.14
9612,3268,7.2
9615,3229,36.24
9615,3268,9.22
9621,3229,33.9
9624,3229,28.5
9627,3268,10.43
9630,3275,0.0
9630,3268,11.24
9633,3275,46.13
9636,3275,58.87
9639,3275,72.85
9642,3275,81.24
9642,3268,13.08
9645,3275,84.29
9645,3268,11.45
9648,3275,84.3
9648,3268,11.87
9648,3270,162.08
9651,3275,83.31
9651,3268,10.68
9654,3275,84.23
9654,3279,0.0
9657,3275,82.73
9657,3281,0.0
9657,3268,11.76
9660,3275,88.83
9660,3281,44.53
9660,3283,0.0
9663,3275,85.72
9663,3281,55.89
9663,3287,0.0
9666,3275,83.39
9666,3281,70.62
9666,3287,54.0
9666,3268,10.68
9669,3275,77.31
9669,3281,79.86
9669,3287,74.93
9669,3283,188.98
9672,3275,71.23
9672,3283,197.98
9675,3275,66.67
9675,3283,207.94
9675,3288,0.0
9675,3281,96.5
9678,3275,62.13
9678,3283,212.27
9678,3288,0.0
9678,3281,94.46
9681,3275,59.08
9681,3283,209.98
9681,3288,3.6
9681,3281,92.39
9684,3275,54.5
9684,3283,205.1
9684,3288,5.4
9684,3281,89.12
9687,3275,51.48
9687,3283,196.64
9687,3281,85.04
9690,3275,49.95
9690,3283,188.37
9690,3281,91.34
9693,3275,47.25
9693,3283,180.22
9693,3281,87.26
9693,3288,12.11
9696,3275,45.04
9696,3283,190.18
9696,3281,83.29
9699,3275,44.22
9699,3283,160.17
9699,3281,75.23
9699,3298,0.0
9702,3275,41.88
9702,3283,146.21
9702,3281,67.44
9702,3298,12.07
9705,3275,39.53
9705,3288,15.18
9708,3275,38.69
9708,3302,0.0
9708,3281,55.76
9711,3275,37.17
9711,3302,19.47
9711,3281,50.59
9714,3275,35.64
9714,3281,46.22
9714,3305,0.0
9717,3275,34.8
9717,3281,41.45
9717,3305,27.0
9720,3275,31.74
9720,3281,39.04
9720,3305,30.98
9723,3275,31.38
9723,3281,35.15
9723,3305,36.73
9726,3275,29.9
9726,3281,31.85
9726,3305,37.17
9729,3275,28.38
9729,3281,31.37
9729,3305,36.07
9732,3275,27.74
9732,3281,29.49
9732,3305,36.48
9732,3288,26.1
9735,3281,27.12
9735,3305,35.74
9738,3281,24.06
9738,3305,35.16
9741,3281,23.42
9741,3305,34.06
9741,3275,31.6
9744,3281,22.17
9744,3305,36.47
9747,3281,22.17
9747,3305,33.49
9750,3281,20.83
9750,3305,32.65
9753,3281,19.5
9753,3305,28.78
9756,3281,17.97
9756,3305,27.3
9759,3281,16.08
9759,3305,26.66
9762,3281,16.97
9762,3305,24.29
9765,3281,15.44
9765,3305,23.65
9768,3305,22.12
9771,3305,21.24
9771,3281,13.73
9774,3305,20.35
9774,3281,13.73
9777,3305,19.46
9777,3281,13.73
9780,3305,17.93
9780,3281,12.2
9783,3305,17.93
9783,3281,12.65
9786,3305,17.05
9786,3281,11.57
9786,3318,0.0
9789,3281,14.99
9789,3318,7.64
9792,3281,14.54
9792,3318,5.09
9795,3281,13.2
9798,3281,17.66
9801,3281,18.29
9804,3281,16.95
9807,3281,15.87
9810,3281,16.95
9813,3281,16.51
9816,3281,17.59
9816,3318,12.36
9819,3281,14.17
9819,3318,12.04
9822,3281,14.17
9825,3281,13.09
9828,3281,10.17
9831,3281,8.01
9834,3281,9.34
9834,3328,0.0
9837,3281,8.26
9837,3318,10.04
9840,3281,7.18
9840,3318,10.15
9843,3318,11.9
9846,3318,10.57
9846,3332,0.0
9846,3281,6.1
9849,3332,27.0
9849,3281,6.55
9852,3332,39.6
9852,3281,6.55
9855,3332,46.12
9855,3281,6.55
9858,3332,47.69
9858,3281,7.63
9861,3332,47.17
9861,3281,6.1
9864,3332,46.6
9864,3281,6.1
9867,3332,46.17
9867,3281,4.77
9870,3332,44.84
9870,3281,8.18
9873,3332,45.75
9876,3332,47.91
9876,3281,10.34
9879,3332,46.41
9879,3281,10.34
9882,3332,45.33
9882,3281,9.89
9885,3332,41.17
9885,3281,12.31
9888,3332,50.89
9888,3281,12.31
9891,3332,56.22
9894,3332,61.68
9897,3332,67.14
9900,3332,68.18
9903,3332,68.28
9906,3332,78.44
9909,3332,85.34
9912,3332,92.25
9915,3332,99.0
9918,3332,93.17
9921,3332,91.18
9924,3332,90.11
9927,3332,88.12
9930,3332,89.07
9933,3332,88.96
9936,3332,82.04
9939,3332,77.06
9942,3332,71.05
9945,3332,66.46
9948,3332,60.23
9951,3332,57.02
9954,3332,50.48
9957,3332,47.27
9960,3332,48.17
9963,3332,46.18
9966,3332,43.84
9969,3332,39.55
9972,3332,35.67
9975,3332,34.5
9978,3332,33.86
9981,3332,30.36
9984,3332,30.61
9987,3332,28.45
9990,3332,25.21
9990,3354,0.0
9993,3332,23.32
9996,3332,24.58
9999,3332,26.11
10002,3332,25.22
10005,3332,23.33
10008,3332,22.45
10011,3332,22.45
10014,3332,21.56
10017,3332,20.67
10020,3332,18.7
10023,3332,19.58
10026,3332,16.35
10029,3332,14.37
10032,3332,14.37
10035,3332,14.37
10038,3332,14.37
10041,3332,13.29
10044,3332,14.82
10047,3332,14.82
10047,3357,0.0
10050,3332,13.74
10053,3332,12.85
10056,3332,12.85
10059,3332,13.3
10062,3332,12.85
10065,3332,12.4
10068,3332,11.96
10071,3332,13.48
10074,3332,11.51
10077,3332,9.98
10080,3332,11.51
10083,3332,9.98
10086,3332,10.43
10089,3332,9.98
10092,3332,8.9
10095,3332,9.35
10098,3332,9.35
10101,3332,8.9
10107,3332,10.88
10110,3332,11.96
10113,3332,11.96
10116,3332,11.96
10122,3332,11.96
10128,3332,12.4
10131,3332,13.48
10134,3357,19.47
10137,3357,12.98
10137,3332,13.04
10143,3332,13.48
10155,3332,13.93
10158,3332,11.96
10164,3332,10.88
10167,3332,9.35
10170,3332,10.88
10173,3332,9.35
10176,3332,8.9
10179,3383,0.0
10182,3383,17.07
10182,3332,9.35
10185,3383,26.23
10185,3332,8.27
10188,3383,27.31
10191,3383,28.67
10194,3383,30.38
10197,3383,29.49
10254,3390,0.0
10257,3390,65.02
10260,3390,87.14
10263,3390,89.8
10266,3390,89.25
10269,3390,88.89
10269,3393,0.0
10272,3390,83.9
10272,3393,38.18
10275,3390,82.96
10275,3393,58.64
10278,3390,81.04
10278,3393,74.17
10281,3390,77.26
10281,3393,85.34
10284,3390,82.76
10284,3393,95.33
10287,3390,74.08
10287,3393,102.7
10290,3390,64.36
10290,3393,106.34
10293,3390,57.82
10293,3393,107.5
10296,3390,53.56
10296,3393,107.55
10299,3390,48.1
10299,3393,116.26
10302,3390,46.11
10302,3393,117.33
10305,3390,40.64
10305,3393,114.28
10308,3390,37.31
10308,3393,110.65
10311,3390,36.23
10311,3393,103.04
10314,3390,32.88
10314,3393,94.81
10317,3390,31.98
10317,3393,86.42
10320,3390,30.72
10320,3393,77.13
10323,3390,29.64
10323,3393,70.03
10326,3390,27.35
10326,3393,63.12
10329,3390,25.19
10329,3393,59.0
10332,3390,23.93
10332,3393,54.19
10335,3390,22.85
10335,3393,51.17
10338,3390,22.03
10338,3393,46.63
10341,3390,19.87
10341,3393,44.28
10344,3390,20.12
10344,3393,41.4
10347,3390,17.79
10347,3393,37.52
10350,3390,17.79
10350,3393,36.68
10353,3390,16.71
10353,3393,34.51
10356,3390,14.55
10356,3393,32.14
10359,3390,15.88
10359,3393,29.98
10362,3390,14.8
10362,3393,29.14
10365,3390,14.8
10365,3393,27.66
10368,3390,13.47
10368,3393,25.29
10371,3390,13.47
10371,3393,23.76
10374,3390,12.13
10374,3393,21.88
10377,3390,12.13
10377,3393,21.88
10380,3390,11.5
10380,3393,20.35
10383,3390,10.42
10383,3393,19.46
10386,3390,11.5
10386,3393,20.09
10389,3390,10.17
10389,3393,19.21
10392,3393,17.68
10395,3393,17.42
10398,3393,18.31
10401,3393,17.87
10401,3401,0.0
10404,3393,17.87
10404,3401,57.4
10407,3393,16.53
10407,3401,80.24
10410,3393,16.08
10410,3401,102.87
10413,3393,16.08
10413,3401,122.47
10416,3393,15.0
10416,3401,133.03
10419,3393,14.56
10419,3401,135.01
10422,3393,14.56
10422,3401,135.73
10425,3393,13.48
10425,3401,133.63
10428,3393,12.59
10428,3401,128.7
10431,3393,12.59
10431,3401,137.41
10434,3401,133.71
10437,3401,128.91
10437,3393,13.48
10440,3401,118.13
10440,3393,13.48
10443,3401,104.34
10443,3393,12.4
10446,3401,90.59
10446,3393,11.95
10449,3401,81.3
10449,3393,11.95
10452,3401,71.11
10452,3393,11.95
10455,3401,63.33
10455,3393,11.5
10458,3401,58.79
10458,3393,11.5
10461,3401,54.66
10461,3393,11.05
10464,3401,50.29
10464,3393,11.5
10467,3401,44.92
10467,3393,9.09
10470,3401,41.67
10470,3393,8.01
10473,3401,37.79
10473,3393,9.53
10476,3401,35.38
10476,3393,8.45
10479,3401,32.39
10479,3393,8.45
10482,3401,31.55
10482,3393,8.45
10485,3401,29.19
10485,3393,8.45
10488,3401,27.71
10491,3401,25.54
10491,3408,0.0
10494,3401,23.65
10497,3401,22.76
10500,3401,22.12
10503,3401,20.79
10506,3401,19.45
10509,3401,18.57
10509,3423,0.0
10512,3401,17.04
10512,3423,24.15
10512,3428,0.0
10515,3401,17.04
10515,3428,10.8
10518,3401,16.15
10518,3428,18.0
10521,3401,15.9
10521,3428,21.6
10524,3401,15.9
10524,3428,23.76
10524,3434,0.0
10527,3401,15.45
10527,3428,23.4
10530,3401,14.12
10530,3428,23.14
10533,3401,14.56
10533,3428,22.95
10536,3401,14.56
10536,3428,22.8
10539,3401,14.56
10539,3428,22.68
10542,3401,13.04
10542,3428,24.84
10545,3401,13.04
10545,3428,24.84
10548,3401,12.59
10548,3428,22.68
10551,3401,11.51
10551,3442,0.0
10554,3401,11.06
10554,3442,12.07
10557,3401,11.06
10557,3442,19.43
10560,3401,11.06
10560,3442,23.11
10563,3442,25.32
10566,3442,25.12
10572,3442,28.43
10575,3442,27.9
10578,3442,27.48
10590,3455,0.0
10593,3455,7.64
10596,3455,10.18
10596,3458,0.0
10602,3458,0.0
10605,3458,3.6
10608,3458,2.7
10611,3458,2.16
10614,3458,3.6
10617,3465,0.0
10620,3455,40.26
10623,3455,37.04
10647,3474,0.0
10647,3475,0.0
10647,3476,0.0
10650,3474,22.26
10653,3474,36.74
10656,3474,41.32
10659,3474,41.7
10665,3474,49.59
10668,3474,48.86
10671,3474,47.03
10674,3474,45.4
10674,3498,0.0
10677,3474,44.28
10677,3498,45.82
10680,3474,47.51
10680,3498,71.27
10680,3507,0.0
10680,3508,0.0
10683,3474,45.48
10683,3507,17.07
10683,3508,0.0
10686,3474,42.15
10686,3507,26.23
10689,3474,39.06
10689,3507,33.44
10689,3498,127.14
10692,3474,37.15
10692,3507,35.65
10692,3498,113.93
10695,3507,37.13
10695,3498,104.12
10698,3507,36.71
10698,3498,101.0
10701,3507,37.68
10701,3498,108.44
10704,3498,115.92
10707,3498,122.3
10707,3523,0.0
10707,3507,40.8
10710,3498,138.25
10710,3523,16.2
10710,3507,40.13
10713,3498,143.77
10713,3523,23.78
10713,3507,42.29
10713,3524,0.0
10716,3498,143.24
10716,3523,26.37
10719,3498,124.56
10719,3523,25.93
10719,3507,44.69
10722,3498,128.64
10722,3523,27.3
10722,3507,42.4
10725,3498,131.57
10725,3523,26.85
10725,3507,39.31
10728,3498,131.13
10728,3523,26.51
10728,3507,38.09
10731,3498,121.37
10731,3523,26.25
10731,3507,35.8
10734,3498,110.71
10734,3523,25.15
10734,3507,33.91
10737,3498,99.03
10737,3523,27.31
10737,3507,30.99
10740,3498,88.49
10740,3523,26.48
10740,3507,26.58
10743,3498,77.69
10743,3523,25.01
10746,3498,70.84
10746,3523,22.67
10746,3526,0.0
10749,3498,63.93
10749,3526,5.4
10752,3498,57.64
10752,3526,7.2
10755,3498,53.1
10755,3526,8.1
10758,3498,48.37
10761,3498,45.48
10764,3498,43.15
10764,3526,13.31
10767,3498,39.27
10770,3498,35.4
10770,3533,0.0
10773,3498,33.92
10773,3533,5.4
10776,3498,31.5
10776,3533,3.6
10779,3498,27.61
10779,3533,6.52
10779,3537,0.0
10782,3498,27.13
10782,3537,7.64
10785,3498,26.29
10785,3537,8.69
10788,3498,24.76
10791,3498,23.76
10791,3539,0.0
10791,3540,0.0
10794,3539,42.17
10794,3540,61.56
10797,3539,66.38
10797,3540,119.99
10800,3539,92.47
10800,3540,154.39
10803,3539,108.8
10803,3540,178.58
10806,3539,120.46
10806,3540,179.78
10809,3539,123.95
10809,3540,185.9
10812,3539,120.53
10812,3540,175.11
10815,3539,118.96
10815,3540,176.88
10818,3539,115.77
10818,3540,171.51
10821,3539,123.99
10824,3539,117.97
10827,3539,115.4
10830,3539,104.62
10833,3539,91.1
10836,3539,80.05
10839,3539,70.97
10839,3557,0.0
10842,3539,64.72
10842,3557,27.0
10845,3539,57.98
10845,3557,41.05
10848,3539,53.17
10848,3557,40.52
10851,3539,48.36
10851,3557,40.2
10854,3539,49.84
10854,3557,41.14
10857,3539,44.35
10857,3557,40.14
10860,3539,40.46
10860,3557,39.39
10863,3539,38.98
10863,3557,39.34
10866,3539,34.57
10866,3557,37.82
10869,3539,31.33
10869,3557,40.88
10872,3539,30.33
10872,3557,37.0
10875,3539,27.96
10875,3557,31.62
10875,3565,0.0
10878,3539,26.23
10878,3557,29.25
10878,3565,12.07
10881,3539,24.34
10881,3557,26.88
10881,3565,16.1
10884,3539,21.53
10884,3557,23.83
10884,3565,19.71
10887,3539,20.27
10887,3557,21.94
10887,3565,23.56
10890,3539,18.94
10890,3557,20.05
10890,3565,23.65
10893,3539,17.6
10893,3557,17.24
10893,3565,24.64
10896,3539,16.27
10896,3557,16.35
10899,3539,15.64
10899,3557,14.38
10902,3539,13.22
10902,3557,13.93
10902,3565,35.06
10905,3539,12.77
10905,3565,35.49
10908,3539,10.61
10908,3565,36.52
10908,3557,15.46
10911,3539,10.17
10911,3565,41.35
10911,3557,15.01
10914,3539,10.17
10914,3565,41.99
10917,3539,8.01
10917,3565,41.74
10920,3539,8.45
10920,3565,42.1
